identifier,,target URL,failures,last check,HTTP return code,resource creator,resource title,resource publisher,resource date,resource type
doi:10.7910/DVN/0FKGFG,https://ezid.cdlib.org/id/doi:10.7910/DVN/0FKGFG,https://dataverse.harvard.edu/citation?persistentId=doi:10.7910/DVN/0FKGFG,12,2017-05-08T17:38:22Z,404,"Ipsita Ghatak, Arindam Chatterjee, Dr. Rimu Chaudhuri, and Dr. Malay Kumar Banerjee",Equity Debt Conflict and the Reverse Pyramid â€“ Two Threats to Information Technology Sustainability,Harvard Dataverse,2016,Dataset
doi:10.7910/DVN/0IJBJY,https://ezid.cdlib.org/id/doi:10.7910/DVN/0IJBJY,https://dataverse.harvard.edu/citation?persistentId=doi:10.7910/DVN/0IJBJY,12,2017-05-08T17:38:33Z,404,"Prof. Dr. Ahmet GÃœRBÃœZ, Lec. Ä lknur KILIÃ‡, and TuÄŸba YEÄ_Ä N",Effects of RemarketÄ±ng ImplementatÄ±ons on Consumersâ€™ BehavÄ±our,Harvard Dataverse,2016,Dataset
doi:10.7910/DVN/0V0ZI9,https://ezid.cdlib.org/id/doi:10.7910/DVN/0V0ZI9,https://dataverse.harvard.edu/citation?persistentId=doi:10.7910/DVN/0V0ZI9,8,2017-05-09T00:18:50Z,404,"OJO Oluwole Patrick (Assistant Lecturer College of Social and Management Sciences, Afe Babalola University, Ado-Ekiti, Nigeria); OJO Mathew Olusola (Department of Peace Studies and Conflict Resolution School of Arts and Social Sciences National Open University of Nigeria, Nigeria); ESAN Vincent Alaba (Department of Political Science and International Studies College of Social and Management Sciences Afe Babalola University Ado-Ekiti. Nigeria)",From Political Transitions to Good Governance in Africa: Resolving the Socio-Economic Roots of Insecurity in the 21st Century.,Harvard Dataverse,2016,Dataset
doi:10.7910/DVN/28645,https://ezid.cdlib.org/id/doi:10.7910/DVN/28645,https://dataverse.harvard.edu/citation?persistentId=doi:10.7910/DVN/28645,8,2017-05-09T00:18:56Z,404,"Haque Aynul (Assistant Professor of Political Science, GushkaraMahavidyalaya,Gushkara, Burdwan.India)",NEED FOR SOUTH-SOUTH COOPERATION TO CONFRONT THE CHALLENGES POSED BY THE GLOBAL NORTH AS TO NORTH-SOUTH GAP,Harvard Dataverse,2015,Text
doi:10.7910/DVN/28652,https://ezid.cdlib.org/id/doi:10.7910/DVN/28652,https://dataverse.harvard.edu/citation?persistentId=doi:10.7910/DVN/28652,8,2017-05-09T00:19:02Z,404,"Adesanya Olusegun Paul (Department of Political Science and International Studies, Afe Babalola University, Ado-Ekiti  Nigeria)",Alternating the Paradigm of Oblivion? Oil and the 21st Century Scramble for Africa,Harvard Dataverse,2015,Text
doi:10.7910/DVN/28654,https://ezid.cdlib.org/id/doi:10.7910/DVN/28654,https://dataverse.harvard.edu/citation?persistentId=doi:10.7910/DVN/28654,8,2017-05-09T00:19:09Z,404,"Jeelani Fiona, Jeelani Faisal Rafiq (Assistant Professor, School of Business Studies, Islamic University of Science and Technology, Awantipora  India)",Role of Microfinance in the Socio Economic development of Women,Harvard Dataverse,2015,Text
doi:10.7910/DVN/28655,https://ezid.cdlib.org/id/doi:10.7910/DVN/28655,https://dataverse.harvard.edu/citation?persistentId=doi:10.7910/DVN/28655,8,2017-05-09T00:19:15Z,404,"Kumar Ashutosh (Assistant Professor - English, Murarka college, Sultangunj, Bhagalpur, Bihar India)",Exploring the Explorer : My Conversation With Dr. A. K. Choudhary,Harvard Dataverse,2015,Text
doi:10.7910/DVN/28680,https://ezid.cdlib.org/id/doi:10.7910/DVN/28680,https://dataverse.harvard.edu/citation?persistentId=doi:10.7910/DVN/28680,8,2017-05-09T00:19:21Z,404,"Bryan Mead (Northern Illinois University, Department of English, Ph.D. Students/Graduate Teaching Assistant United States)",Hiding in Plain Sight: False Identity and the Use of Space in Akira Kurosawa's The Hidden Fortress.,Harvard Dataverse,2015,Text
doi:10.7910/DVN/28681,https://ezid.cdlib.org/id/doi:10.7910/DVN/28681,https://dataverse.harvard.edu/citation?persistentId=doi:10.7910/DVN/28681,8,2017-05-09T00:19:27Z,404,"ARGHYA CHAKRABORTY, PINAKI RANJAN DAS (UNIVERSITY OF NORTH BENGAL India)",The Woman Construct: An Existential Critique,Harvard Dataverse,2015,Text
doi:10.7910/DVN/28682,https://ezid.cdlib.org/id/doi:10.7910/DVN/28682,https://dataverse.harvard.edu/citation?persistentId=doi:10.7910/DVN/28682,8,2017-05-09T00:19:33Z,404,Arvi Sepp (http://www.socratesjournal.com/index.php/socrates/article/view/101),"""The New Sorrows of Young W."" ""Comments on the Film Adaptation of Ulrich Plenzdorf's GDR Novel""",Harvard Dataverse,2015,Text
doi:10.7910/DVN/28947,https://ezid.cdlib.org/id/doi:10.7910/DVN/28947,https://dataverse.harvard.edu/citation?persistentId=doi:10.7910/DVN/28947,8,2017-05-09T00:19:39Z,404,"Dr. Abdus Shahid (Department of Economics, Head Department of Computer Science Diphu Government College, Assam University India)",eHealth Services in Supporting Pregnant Women,Harvard Dataverse,2015,Text
doi:10.7910/DVN/29678,https://ezid.cdlib.org/id/doi:10.7910/DVN/29678,https://dataverse.harvard.edu/citation?persistentId=doi:10.7910/DVN/29678,8,2017-05-09T00:19:46Z,404,Bushra Juhi Jani (Research Student School of English. The University of Sheffield United Kingdom.),Narrative as Soft Violence in Margaret DrabbleÃ¢  s The Pure Gold Baby,Harvard Dataverse,2015,Text
doi:10.7910/DVN/29682,https://ezid.cdlib.org/id/doi:10.7910/DVN/29682,https://dataverse.harvard.edu/citation?persistentId=doi:10.7910/DVN/29682,8,2017-05-09T00:19:52Z,404,"Frederic Dumas (English Department Stendhal University Ã¢   Grenoble, France)",Connection in Richard FordÃ¢  s A Multitude of Sins,Harvard Dataverse,2015,Text
doi:10.7910/DVN/29684,https://ezid.cdlib.org/id/doi:10.7910/DVN/29684,https://dataverse.harvard.edu/citation?persistentId=doi:10.7910/DVN/29684,8,2017-05-09T00:19:58Z,404,"Farough Fakhimi Anbaran (Shiraz University, Islamic Republic of Iran)",An Immortal Halcyon Life: Formalistic Approach to Byzantium Poems,Harvard Dataverse,2015,Text
doi:10.7910/DVN/29685,https://ezid.cdlib.org/id/doi:10.7910/DVN/29685,https://dataverse.harvard.edu/citation?persistentId=doi:10.7910/DVN/29685,8,2017-05-09T00:20:04Z,404,Alexandros Schismenos,The Superman/Kent hypothesis: On the epistemological limit between human and superhuman.,Harvard Dataverse,2015,Text
doi:10.7910/DVN/29686,https://ezid.cdlib.org/id/doi:10.7910/DVN/29686,https://dataverse.harvard.edu/citation?persistentId=doi:10.7910/DVN/29686,8,2017-05-09T00:20:10Z,404,Dr. Samuel J.M. Kahn,A Kantian responds to Santayana,Harvard Dataverse,2015,Text
doi:10.7910/DVN/29687,https://ezid.cdlib.org/id/doi:10.7910/DVN/29687,https://dataverse.harvard.edu/citation?persistentId=doi:10.7910/DVN/29687,8,2017-05-09T00:20:16Z,404,"Madhurima Lal, Mohan Smt. Anjana (Department of Applied Economics Faculty of Commerce University of Lucknow India)",An Empirical Study of the Impact Analysis of Human Resource Management Practices on the Enhancement of the Organizational Performance,Harvard Dataverse,2015,Text
doi:10.7910/DVN/29688,https://ezid.cdlib.org/id/doi:10.7910/DVN/29688,https://dataverse.harvard.edu/citation?persistentId=doi:10.7910/DVN/29688,8,2017-05-09T00:20:22Z,404,"Srivastava Dayadhar Raj (Asstt.General Manager (Inspection and Audit) State Bank of India Lucknow Area, India)",Financial Inclusiveness : The role of mobile money and digital financial services.,Harvard Dataverse,2015,Text
doi:10.7910/DVN/29689,https://ezid.cdlib.org/id/doi:10.7910/DVN/29689,https://dataverse.harvard.edu/citation?persistentId=doi:10.7910/DVN/29689,8,2017-05-09T00:20:28Z,404,Lloyd Delroy McCarthy (Adjunct Professor in Africana Studies North Carolina State University United States),AfricaÃ¢  s Science and Technology Strategy in the Thought of Kwame Nkrumah,Harvard Dataverse,2015,Text
doi:10.7910/DVN/2RRO3T,https://ezid.cdlib.org/id/doi:10.7910/DVN/2RRO3T,https://dataverse.harvard.edu/citation?persistentId=doi:10.7910/DVN/2RRO3T,12,2017-05-09T04:29:10Z,404,Mazen Ismaeel Ghareb,The Challenges of National e -ID for Kurdistan Region Government for Multipurpose,Harvard Dataverse,2016,Dataset
doi:10.7910/DVN/3MF4KR,https://ezid.cdlib.org/id/doi:10.7910/DVN/3MF4KR,https://dataverse.harvard.edu/citation?persistentId=doi:10.7910/DVN/3MF4KR,12,2017-05-09T05:19:13Z,404,"Isakova S.S., Taganova A.M., and Baimuhanov B. Ch.",Linguo-Cultural Specificity of National Concepts in Kazakh-French Languages,Harvard Dataverse,2016,Dataset
doi:10.7910/DVN/76ORHT,https://ezid.cdlib.org/id/doi:10.7910/DVN/76ORHT,https://dataverse.harvard.edu/citation?persistentId=doi:10.7910/DVN/76ORHT,12,2017-05-09T06:09:15Z,404,"Okoli, Ifeanyi Emmanuel and Monanu, Oge G",An Exploration of Ethical Climate and Job Satisfaction in Selected Manufacturing Organisations,Harvard Dataverse,2016,Dataset
doi:10.7910/DVN/7BVM1F,https://ezid.cdlib.org/id/doi:10.7910/DVN/7BVM1F,https://dataverse.harvard.edu/citation?persistentId=doi:10.7910/DVN/7BVM1F,12,2017-05-09T06:09:20Z,404,Nitty Sebastian and Sindhu A. R.,Prediction of Permeability of Compacted Clay Liners,Harvard Dataverse,2016,Dataset
doi:10.7910/DVN/7FIOPU,https://ezid.cdlib.org/id/doi:10.7910/DVN/7FIOPU,https://dataverse.harvard.edu/citation?persistentId=doi:10.7910/DVN/7FIOPU,8,2017-05-09T00:20:34Z,404,"Ansari Fatima Noor (Research Scholar, Dept. of Public Administration, University of Lucknow India)",Minority Education | A study of Indian Muslims,Harvard Dataverse,2016,Dataset
doi:10.7910/DVN/800EIH,https://ezid.cdlib.org/id/doi:10.7910/DVN/800EIH,https://dataverse.harvard.edu/citation?persistentId=doi:10.7910/DVN/800EIH,12,2017-05-09T06:09:26Z,404,Obi Kenneth and Clement Izuchukwu Igbanugo,Spillover Effect of US Unconventional Monetary Policy on Nigerian Economy,Harvard Dataverse,2016,Dataset
doi:10.7910/DVN/8EWO2N,https://ezid.cdlib.org/id/doi:10.7910/DVN/8EWO2N,https://dataverse.harvard.edu/citation?persistentId=doi:10.7910/DVN/8EWO2N,12,2017-05-09T06:09:32Z,404,"Dr. Budheshwar Prasad Singhraul, Vanita Kumari Soni, and Dr. Seraphinus Kispotta",Online Marketing: A New Dawn of Global Marketing,Harvard Dataverse,2016,Dataset
doi:10.7910/DVN/9L3NQB,https://ezid.cdlib.org/id/doi:10.7910/DVN/9L3NQB,https://dataverse.harvard.edu/citation?persistentId=doi:10.7910/DVN/9L3NQB,12,2017-05-09T06:09:38Z,404,Fatih BAÅ_Ã‡Ä°FTÃ‡Ä° and Kerem GENCER,Expert System Design for Performance Appraisal Using Method of Minimization of Boolean,Harvard Dataverse,2016,Dataset
doi:10.7910/DVN/AIGCHI,https://ezid.cdlib.org/id/doi:10.7910/DVN/AIGCHI,https://dataverse.harvard.edu/citation?persistentId=doi:10.7910/DVN/AIGCHI,8,2017-05-09T00:20:40Z,404,"Prof. (Dr.) Rakesh Chandra (Professor, Department of Philosophy University of Lucknow, India)",Imaginative journeys: Connecting God....Einstein and Shankardeva,Harvard Dataverse,2016,Dataset
doi:10.7910/DVN/AN1H6U,https://ezid.cdlib.org/id/doi:10.7910/DVN/AN1H6U,https://dataverse.harvard.edu/citation?persistentId=doi:10.7910/DVN/AN1H6U,8,2017-05-09T00:20:45Z,404,Dr. Edward P. Butler (Independent Scholar PhD. in Philosophy New School for Social Research New York City United States),Transformation and Individuation in Giordano Brunoâ€™s Monadology.,Harvard Dataverse,2015,Dataset
doi:10.7910/DVN/AYRCM3,https://ezid.cdlib.org/id/doi:10.7910/DVN/AYRCM3,https://dataverse.harvard.edu/citation?persistentId=doi:10.7910/DVN/AYRCM3,12,2017-05-09T06:59:18Z,404,S. Mounika and S. K. Asha,A Comparative Study on Properties of High Strength Concrete by Using GGBS and Metakaolin,Harvard Dataverse,2016,Dataset
doi:10.7910/DVN/BTG6FS,https://ezid.cdlib.org/id/doi:10.7910/DVN/BTG6FS,https://dataverse.harvard.edu/citation?persistentId=doi:10.7910/DVN/BTG6FS,12,2017-05-09T06:59:23Z,404,Shashank Tripathi and A. K. Jain,Wormhole Attack and Defense in the Integrated UMTS and WLAN Ad Hoc Network under small Scalability for Conversational Traffic,Harvard Dataverse,2016,Dataset
doi:10.7910/DVN/BTVBM5,https://ezid.cdlib.org/id/doi:10.7910/DVN/BTVBM5,https://dataverse.harvard.edu/citation?persistentId=doi:10.7910/DVN/BTVBM5,12,2017-05-09T06:59:29Z,404,Dr. Vijay Rathee and Ritu Yadav,Spirituality at Workplace: An Essence for the Business,Harvard Dataverse,2016,Dataset
doi:10.7910/DVN/CLIGUW,https://ezid.cdlib.org/id/doi:10.7910/DVN/CLIGUW,https://dataverse.harvard.edu/citation?persistentId=doi:10.7910/DVN/CLIGUW,12,2017-05-09T07:49:24Z,404,Ahsanuddin Haider,Comparative Analysis of Financial Efficiency of Bank of Baroda and HDFC Bank Using DuPont Model,Harvard Dataverse,2016,Dataset
doi:10.7910/DVN/CT5DPN,https://ezid.cdlib.org/id/doi:10.7910/DVN/CT5DPN,https://dataverse.harvard.edu/dataset.xhtml?persistentId=doi:10.7910/DVN/CT5DPN,81,2017-05-10T05:31:19Z,404,Mahendra Kumar Trivedi (Trivedi Global Inc.),"Antimicrobial Sensitivity, Biochemical Characteristics and Biotyping of Staphylococcus saprophyticus: An Impact of Biofield Energy Treatment",Harvard Dataverse,2016,Dataset
doi:10.7910/DVN/CTZSLX,https://ezid.cdlib.org/id/doi:10.7910/DVN/CTZSLX,https://dataverse.harvard.edu/citation?persistentId=doi:10.7910/DVN/CTZSLX,12,2017-05-09T07:49:30Z,404,"Paul Ndubuisi, Kalu Ebi Uma, and Paul C Obidike",FDI-Growth Nexus in Nigeria: A Co-Integration and Error Correction Tests,Harvard Dataverse,2016,Dataset
doi:10.7910/DVN/DAPJRJ,https://ezid.cdlib.org/id/doi:10.7910/DVN/DAPJRJ,https://dataverse.harvard.edu/citation?persistentId=doi:10.7910/DVN/DAPJRJ,12,2017-05-09T07:49:36Z,404,Dr. Anthea Washington and Dr. Kannan Mahalingam,Perspectives on Work-Life Balance and Suggestive Design for Healthier Work-life among Employees,Harvard Dataverse,2016,Dataset
doi:10.7910/DVN/DEGGXG,https://ezid.cdlib.org/id/doi:10.7910/DVN/DEGGXG,https://dataverse.harvard.edu/citation?persistentId=doi:10.7910/DVN/DEGGXG,81,2017-05-10T05:31:30Z,404,Mahendra Kumar Trivedi (Trivedi Global Inc.),Antimicrobial Sensitivity Pattern of Pseudomonas fluorescens after Biofield Treatment,Harvard Dataverse,2016,Dataset
doi:10.7910/DVN/DEJ1BR,https://ezid.cdlib.org/id/doi:10.7910/DVN/DEJ1BR,https://dataverse.harvard.edu/citation?persistentId=doi:10.7910/DVN/DEJ1BR,81,2017-05-10T05:31:25Z,404,Mahendra Trivedi (Trivedi Global Inc.),"Characterization of Physical, Thermal and Spectral Properties of Biofield Treated 2-Aminopyridine",Harvard Dataverse,2016,Dataset
doi:10.7910/DVN/DHDDGZ,https://ezid.cdlib.org/id/doi:10.7910/DVN/DHDDGZ,https://dataverse.harvard.edu/citation?persistentId=doi:10.7910/DVN/DHDDGZ,12,2017-05-09T07:49:42Z,404,"Seyed Mostafa Mostafavi, Seyed Erfan Alhosseini Hamedani, and Alireza Slambolchi","Apparel Online Retailing: Orientation, Experience, Risks",Harvard Dataverse,2016,Dataset
doi:10.7910/DVN/DISLIN,https://ezid.cdlib.org/id/doi:10.7910/DVN/DISLIN,https://dataverse.harvard.edu/citation?persistentId=doi:10.7910/DVN/DISLIN,8,2017-05-09T00:20:51Z,404,"Ali Reza Prof. Hejebri Nobari (Professor, Department of Archaeology Tarbiyat Modares University, Tehran Islamic Republic of Iran); Kouzehgari Zahra (PhD Candidate, Department of Archaeology Tarbiyat Modares University, Tehran Islamic Republic of Iran); Seyyed Mehdi Mousavi Kouhpar (Associate Professor, , Department of Archaeology Tarbiyat Modares University, Tehran Islamic Republic of Iran); Prof. Niknami Kamaladdin (Professor, Department of Archaeology, Tehran University, Tehran, Iran)",A New look at Spike Butted AXE/ ADZ-AXES in Iran,Harvard Dataverse,2015,Dataset
doi:10.7910/DVN/DNPMLL,https://ezid.cdlib.org/id/doi:10.7910/DVN/DNPMLL,https://dataverse.harvard.edu/citation?persistentId=doi:10.7910/DVN/DNPMLL,12,2017-05-09T07:49:47Z,404,Dr. Mohd Yameen and Dr. Asif Pervez,"Impact of Liquidity, Solvency and Efficiency on Profitability of Steel Authority of India Limited",Harvard Dataverse,2016,Dataset
doi:10.7910/DVN/DQCEZQ,https://ezid.cdlib.org/id/doi:10.7910/DVN/DQCEZQ,https://dataverse.harvard.edu/citation?persistentId=doi:10.7910/DVN/DQCEZQ,81,2017-05-10T05:31:36Z,404,Mahendra Trivedi (Trivedi Global Inc.),Biochemical Differentiation and Molecular Characterization of Biofield Treated Vibrio parahaemolyticus,Harvard Dataverse,2016,Dataset
doi:10.7910/DVN/DU8NHF,https://ezid.cdlib.org/id/doi:10.7910/DVN/DU8NHF,https://dataverse.harvard.edu/dataset.xhtml?persistentId=doi:10.7910/DVN/DU8NHF,81,2017-05-10T05:31:42Z,404,Mahendra Kumar Trivedi (Trivedi Global Inc.),"Potential Impact of Biofield Energy Treatment on the Atomic, Physical and Thermal Properties Indium Powder",Harvard Dataverse,2016,Dataset
doi:10.7910/DVN/E7DNIW,https://ezid.cdlib.org/id/doi:10.7910/DVN/E7DNIW,https://dataverse.harvard.edu/dataset.xhtml?persistentId=doi:10.7910/DVN/E7DNIW,81,2017-05-10T05:31:47Z,404,Mahendra Kumar Trivedi (Trivedi Global Inc.),Antibiogram of Multidrug-Resistant Isolates of Pseudomonas aeruginosa after Biofield Treatment,Harvard Dataverse,2016,Dataset
doi:10.7910/DVN/EF3EPN,https://ezid.cdlib.org/id/doi:10.7910/DVN/EF3EPN,https://dataverse.harvard.edu/dataset.xhtml?persistentId=doi:10.7910/DVN/EF3EPN,81,2017-05-10T05:31:53Z,404,Mahendra Kumar Trivedi (Trivedi Global Inc.),Influence of Biofield Treatment on Physical and Structural Characteristics of Barium Oxide and Zinc Sulfide,Harvard Dataverse,2016,Dataset
doi:10.7910/DVN/EUQ1IN,https://ezid.cdlib.org/id/doi:10.7910/DVN/EUQ1IN,https://dataverse.harvard.edu/citation?persistentId=doi:10.7910/DVN/EUQ1IN,81,2017-05-10T09:41:42Z,404,Mahendra Kumar Trivedi (Trivedi Global Inc.),Evaluation of Vegetative Growth Parameters in Biofield Treated Bottle Gourd (Lagenaria siceraria) and Okra (Abelmoschus esculentus),Harvard Dataverse,2016,Dataset
doi:10.7910/DVN/EXELG1,https://ezid.cdlib.org/id/doi:10.7910/DVN/EXELG1,https://dataverse.harvard.edu/citation?persistentId=doi:10.7910/DVN/EXELG1,39,2017-05-08T10:10:43Z,404,"Stefanova, Olena (V. N. Karazin Kharkiv National University)",The theoretical basis of influence and the structure of marketing environment,Harvard Dataverse,2016,Dataset
doi:10.7910/DVN/EZVUZO,https://ezid.cdlib.org/id/doi:10.7910/DVN/EZVUZO,https://dataverse.harvard.edu/citation?persistentId=doi:10.7910/DVN/EZVUZO,39,2017-05-08T10:10:49Z,404,Raghavendra S.N,DATA GLOVES USING VIRTUAL REALITY,Harvard Dataverse,2016,Dataset
doi:10.7910/DVN/FAZGQO,https://ezid.cdlib.org/id/doi:10.7910/DVN/FAZGQO,https://dataverse.harvard.edu/dataset.xhtml?persistentId=doi:10.7910/DVN/FAZGQO,81,2017-05-10T09:41:48Z,404,Mahendra Kumar Trivedi (Trivedi Global Inc.),Antibiogram of Biofield-Treated Shigella boydii: Global Burden of Infections,Harvard Dataverse,2016,Dataset
doi:10.7910/DVN/FCCC8U,https://ezid.cdlib.org/id/doi:10.7910/DVN/FCCC8U,https://dataverse.harvard.edu/dataset.xhtml?persistentId=doi:10.7910/DVN/FCCC8U,81,2017-05-10T09:41:53Z,404,Mahendra Kumar Trivedi (Trivedi Global Inc.),Physicochemical and Spectroscopic Characterization of Biofield Energy Treated Gerbera Multiplication Medium,Harvard Dataverse,2016,Dataset
doi:10.7910/DVN/FCF84E,https://ezid.cdlib.org/id/doi:10.7910/DVN/FCF84E,https://dataverse.harvard.edu/dataset.xhtml?persistentId=doi:10.7910/DVN/FCF84E,81,2017-05-10T09:41:59Z,404,Mahendra Trivedi (Trivedi Global Inc.),Thermal and Physical Properties of Biofield Treated Bile Salt and Proteose Peptone,Harvard Dataverse,2016,Dataset
doi:10.7910/DVN/FD3GKK,https://ezid.cdlib.org/id/doi:10.7910/DVN/FD3GKK,https://dataverse.harvard.edu/citation?persistentId=doi:10.7910/DVN/FD3GKK,12,2017-05-09T09:29:35Z,404,"Imran Bashir Dar, Dr. Mohammad Majid Mahmood Bagram, Zubair Sarfraz, and Muhammad Babar Shahzad",Negative Brand Equity Incurred By Firms in Pakistan: A Marketersâ€™ Strategic Issue Identified By Islamic Business Ethics,Harvard Dataverse,2016,Dataset
doi:10.7910/DVN/FNQQJW,https://ezid.cdlib.org/id/doi:10.7910/DVN/FNQQJW,https://dataverse.harvard.edu/dataset.xhtml?persistentId=doi:10.7910/DVN/FNQQJW,81,2017-05-10T09:42:05Z,404,Mahendra Kumar Trivedi (Trivedi Global Inc.),"Experimental Investigation on Physical, Thermal and Spectroscopic Properties of 2-Chlorobenzonitrile: Impact of Biofield Treatment",Harvard Dataverse,2016,Dataset
doi:10.7910/DVN/FUB5Z0,https://ezid.cdlib.org/id/doi:10.7910/DVN/FUB5Z0,https://dataverse.harvard.edu/dataset.xhtml?persistentId=doi:10.7910/DVN/FUB5Z0,81,2017-05-10T09:42:11Z,404,Mahendra Kumar Trivedi (Trivedi Global Inc.); Alice Branton; Dahryn Trivedi; Gopal Nayak,"Investigation of Biofield Treatment on Antimicrobial Susceptibility, Biochemical Reaction Pattern and Biotyping of Enteropathogenic Multidrug-Resistant Escherichia coli Isolates",Harvard Dataverse,2016,Dataset
doi:10.7910/DVN/G5CUMG,https://ezid.cdlib.org/id/doi:10.7910/DVN/G5CUMG,https://dataverse.harvard.edu/citation?persistentId=doi:10.7910/DVN/G5CUMG,39,2017-05-08T11:48:31Z,404,Mesut Kavak,On the Uncertainty Principle,Harvard Dataverse,2016,Dataset
doi:10.7910/DVN/GA0W1S,https://ezid.cdlib.org/id/doi:10.7910/DVN/GA0W1S,https://dataverse.harvard.edu/dataset.xhtml?persistentId=doi:10.7910/DVN/GA0W1S,81,2017-05-10T09:42:17Z,404,Mahendra Kumar Trivedi (Trivedi Global Inc.),Phenotyping and Genotyping Characterization of Proteus vulgaris After Biofield Treatment,Harvard Dataverse,2016,Dataset
doi:10.7910/DVN/GJMOQQ,https://ezid.cdlib.org/id/doi:10.7910/DVN/GJMOQQ,https://dataverse.harvard.edu/citation?persistentId=doi:10.7910/DVN/GJMOQQ,81,2017-05-10T09:42:23Z,404,Mahendra Trivedi (Trivedi Global Inc.),"Determination of Isotopic Abundance Ratio of Biofield Energy Treated 1,4-Dichlorobenzene Using Gas Chromatography-Mass Spectrometry (GC-MS)",Harvard Dataverse,2016,Dataset
doi:10.7910/DVN/GKNBWJ,https://ezid.cdlib.org/id/doi:10.7910/DVN/GKNBWJ,https://dataverse.harvard.edu/citation?persistentId=doi:10.7910/DVN/GKNBWJ,8,2017-05-09T00:20:57Z,404,Chakraberty Puja (Guest Faculty Department of Communicative English Jamshedpur Women's College (Kolhan University) Jharkhand),"Dangerous Liasons- The Impending Discourse of ""THE FRIEND ZONE""",Harvard Dataverse,2015,Dataset
doi:10.7910/DVN/GKQFQM,https://ezid.cdlib.org/id/doi:10.7910/DVN/GKQFQM,https://dataverse.harvard.edu/dataset.xhtml?persistentId=doi:10.7910/DVN/GKQFQM,81,2017-05-10T09:42:29Z,404,Mahendra Kumar Trivedi (Trivedi Global Inc.),"Characterisation of Physical, Spectral and Thermal Properties of Biofield treated Resorcinol",Harvard Dataverse,2016,Dataset
doi:10.7910/DVN/GPPICX,https://ezid.cdlib.org/id/doi:10.7910/DVN/GPPICX,https://dataverse.harvard.edu/citation?persistentId=doi:10.7910/DVN/GPPICX,8,2017-05-09T00:21:03Z,404,"Parvin Dr. Ghasemi (Professor, English Literature, Faculty of Foreign Languages Shiraz University, Shiraz Islamic Republic of Iran); Razieh Falasiri (M.A. English Literature Shiraz University, Shiraz Islamic Republic of Iran)",Postmodern Sense of Doom in the Hyperreal World of Sam Shepard's States of Shockand Kicking a Dead Horse,Harvard Dataverse,2016,Dataset
doi:10.7910/DVN/GQIKTK,https://ezid.cdlib.org/id/doi:10.7910/DVN/GQIKTK,https://dataverse.harvard.edu/citation?persistentId=doi:10.7910/DVN/GQIKTK,12,2017-05-09T11:09:40Z,404,"indus, editor",The Joint Effect of Ownership Structure on Bank Financial Performance: Empirical Evidence from Iraq,Harvard Dataverse,2016,Dataset
doi:10.7910/DVN/GRPRU2,https://ezid.cdlib.org/id/doi:10.7910/DVN/GRPRU2,https://dataverse.harvard.edu/dataset.xhtml?persistentId=doi:10.7910/DVN/GRPRU2,81,2017-05-10T09:42:35Z,404,Mahendra Kumar Trivedi (Trivedi Global Inc.),Phenotypic and Biotypic Characterization of Klebsiella oxytoca: An Impact of Biofield Treatment,Harvard Dataverse,2016,Dataset
doi:10.7910/DVN/GTMO6K,https://ezid.cdlib.org/id/doi:10.7910/DVN/GTMO6K,https://dataverse.harvard.edu/dataset.xhtml?persistentId=doi:10.7910/DVN/GTMO6K,81,2017-05-10T09:42:40Z,404,Mahendra Kumar Trivedi (Trivedi Global Inc.),Spectroscopic Characterization of Biofield Treated Metronidazole and Tinidazole,Harvard Dataverse,2016,Dataset
doi:10.7910/DVN/GUO6PS,https://ezid.cdlib.org/id/doi:10.7910/DVN/GUO6PS,https://dataverse.harvard.edu/dataset.xhtml?persistentId=doi:10.7910/DVN/GUO6PS,81,2017-05-10T09:42:46Z,404,Mahendra Kumar Trivedi (Trivedi Global Inc.),"Evaluation of Biofield Treatment on Physical, Atomic and Structural Characteristics of Manganese (II, III) Oxide",Harvard Dataverse,2016,Dataset
doi:10.7910/DVN/HB38IO,https://ezid.cdlib.org/id/doi:10.7910/DVN/HB38IO,https://dataverse.harvard.edu/citation?persistentId=doi:10.7910/DVN/HB38IO,81,2017-05-10T09:43:03Z,404,"Trivedi, Mahendra (Trivedi Science)","Gas Chromatography-Mass Spectrometric Analysis of Isotopic Abundance of 13C, 2H, and 18O in Biofield Energy Treated p-tertiary Butylphenol (PTBP)",Harvard Dataverse,2016,Dataset
doi:10.7910/DVN/HBFVUF,https://ezid.cdlib.org/id/doi:10.7910/DVN/HBFVUF,https://dataverse.harvard.edu/citation?persistentId=doi:10.7910/DVN/HBFVUF,81,2017-05-10T09:42:52Z,404,"Trivedi, Mahendra (Trivedi Science)",Gas Chromatography-Mass Spectrometry Based Isotopic Abundance Ratio Analysis of Biofield Energy Treated Methyl-2-napthylether (Nerolin),Harvard Dataverse,2016,Dataset
doi:10.7910/DVN/HCQ7SV,https://ezid.cdlib.org/id/doi:10.7910/DVN/HCQ7SV,https://dataverse.harvard.edu/citation?persistentId=doi:10.7910/DVN/HCQ7SV,81,2017-05-10T09:42:58Z,404,Mahendra Trivedi (Trivedi Global Inc.),Effect of Biofield Energy Treatment on Physical and Structural Properties of Calcium Carbide and Praseodymium Oxide,Harvard Dataverse,2016,Dataset
doi:10.7910/DVN/HEB7OL,https://ezid.cdlib.org/id/doi:10.7910/DVN/HEB7OL,https://dataverse.harvard.edu/dataset.xhtml?persistentId=doi:10.7910/DVN/HEB7OL,81,2017-05-10T09:43:10Z,404,Mahendra Kumar Trivedi (Trivedi Global Inc.),"Influence of Biofield Treatment on Physical, Structural and Spectral Properties of Boron Nitride",Harvard Dataverse,2016,Dataset
doi:10.7910/DVN/HHYKBL,https://ezid.cdlib.org/id/doi:10.7910/DVN/HHYKBL,https://dataverse.harvard.edu/citation?persistentId=doi:10.7910/DVN/HHYKBL,12,2017-05-09T11:09:46Z,404,Dr. Aditi R Khandelwal,An Insight into Real Estate Investment Trusts in India,Harvard Dataverse,2016,Dataset
doi:10.7910/DVN/HOHINN,https://ezid.cdlib.org/id/doi:10.7910/DVN/HOHINN,https://dataverse.harvard.edu/dataset.xhtml?persistentId=doi:10.7910/DVN/HOHINN,81,2017-05-10T09:43:15Z,404,Mahendra Kumar Trivedi (Trivedi Global Inc.),Bio-field Treatment: An Effective Strategy to Improve the Quality of Beef Extract and Meat Infusion Powder,Harvard Dataverse,2016,Dataset
doi:10.7910/DVN/HOXBJC,https://ezid.cdlib.org/id/doi:10.7910/DVN/HOXBJC,https://dataverse.harvard.edu/citation?persistentId=doi:10.7910/DVN/HOXBJC,81,2017-05-10T09:43:21Z,404,Mahendra Trivedi (Trivedi Global Inc.),Impact of Biofield Treatment on Growth and Yield of Lettuce and Tomato,Harvard Dataverse,2016,Dataset
doi:10.7910/DVN/HPPB78,https://ezid.cdlib.org/id/doi:10.7910/DVN/HPPB78,https://dataverse.harvard.edu/citation?persistentId=doi:10.7910/DVN/HPPB78,12,2017-05-09T11:09:52Z,404,B. Nagaraja,The Social Protection Programmes and Inclusive Growth: A Theoretical Analysis B. Nagaraja,Harvard Dataverse,2016,Dataset
doi:10.7910/DVN/IDERMI,https://ezid.cdlib.org/id/doi:10.7910/DVN/IDERMI,https://dataverse.harvard.edu/dataset.xhtml?persistentId=doi:10.7910/DVN/IDERMI,81,2017-05-10T09:43:27Z,404,Mahendra Kumar Trivedi (Trivedi Global Inc.),"Physical, Thermal and Spectroscopic Characterization of Biofield Treated p-Chloro-m-cresol",Harvard Dataverse,2016,Dataset
doi:10.7910/DVN/ILIETY,https://ezid.cdlib.org/id/doi:10.7910/DVN/ILIETY,https://dataverse.harvard.edu/citation?persistentId=doi:10.7910/DVN/ILIETY,39,2017-05-08T12:39:14Z,404,"Volkova, Alina (Kharkiv Institute of Trade and Economics of Kyiv National University of Trade and Economics)",Scientifical-ethnographic research of peculiarities of technology of dishes of Ukrainian national cuisine,Harvard Dataverse,2016,Dataset
doi:10.7910/DVN/INBFF0,https://ezid.cdlib.org/id/doi:10.7910/DVN/INBFF0,https://dataverse.harvard.edu/dataset.xhtml?persistentId=doi:10.7910/DVN/INBFF0,81,2017-05-10T09:43:33Z,404,Mahendra Kumar Trivedi (Trivedi Global Inc.),Effect of Biofield Treatment on Structural and Morphological Properties of Silicon Carbide,Harvard Dataverse,2016,Dataset
doi:10.7910/DVN/INNNAC,https://ezid.cdlib.org/id/doi:10.7910/DVN/INNNAC,https://dataverse.harvard.edu/dataset.xhtml?persistentId=doi:10.7910/DVN/INNNAC,81,2017-05-10T09:43:45Z,404,Mahendra Kumar Trivedi (Trivedi Global Inc.),Characterization of Phenotype and Genotype of Biofield Treated Enterobacter aerogenes,Harvard Dataverse,2016,Dataset
doi:10.7910/DVN/INNPA7,https://ezid.cdlib.org/id/doi:10.7910/DVN/INNPA7,https://dataverse.harvard.edu/dataset.xhtml?persistentId=doi:10.7910/DVN/INNPA7,81,2017-05-10T09:43:38Z,404,Mahendra Trivedi (Trivedi Global Inc.),"Characterization of Physical, Thermal and Spectral Properties of Biofield Treated O-Aminophenol",Harvard Dataverse,2016,Dataset
doi:10.7910/DVN/ISTPGM,https://ezid.cdlib.org/id/doi:10.7910/DVN/ISTPGM,https://dataverse.harvard.edu/citation?persistentId=doi:10.7910/DVN/ISTPGM,12,2017-05-09T11:09:58Z,404,"Ozoh F. O, Uma K. E, and Odionye J. C",The Assessment of the Effects of Fiscal Policy on Unemployment and Inflation Reduction: The Case of Nigeria,Harvard Dataverse,2016,Dataset
doi:10.7910/DVN/ITURQ7,https://ezid.cdlib.org/id/doi:10.7910/DVN/ITURQ7,https://dataverse.harvard.edu/citation?persistentId=doi:10.7910/DVN/ITURQ7,81,2017-05-10T09:43:50Z,404,Mahendra Kumar Trivedi (Trivedi Global Inc.),Impact of Biofield Treatment on Growth and Anatomical Characteristics of Pogostemon cablin (Benth.),Harvard Dataverse,2016,Dataset
doi:10.7910/DVN/IUHAJS,https://ezid.cdlib.org/id/doi:10.7910/DVN/IUHAJS,https://dataverse.harvard.edu/dataset.xhtml?persistentId=doi:10.7910/DVN/IUHAJS,81,2017-05-10T09:43:56Z,404,Mahendra Kumar Trivedi (Trivedi Global Inc.),Antibiogram Pattern of Shigella flexneri: Effect of Bio Field Treatment,Harvard Dataverse,2016,Dataset
doi:10.7910/DVN/IUP4E7,https://ezid.cdlib.org/id/doi:10.7910/DVN/IUP4E7,https://dataverse.harvard.edu/citation?persistentId=doi:10.7910/DVN/IUP4E7,8,2017-05-09T00:21:08Z,404,"Dey, Sayan  (Research Scholar, Department of English Banaras Hindu University, Varanasi, India)",(De)-coloniality/Contemporaneity: An Ideographic Journey towards Nomothetics,Harvard Dataverse,2016,Dataset
doi:10.7910/DVN/IV4OEQ,https://ezid.cdlib.org/id/doi:10.7910/DVN/IV4OEQ,https://dataverse.harvard.edu/citation?persistentId=doi:10.7910/DVN/IV4OEQ,81,2017-05-10T09:44:08Z,404,"Trivedi, Mahendra",Evaluation of Isotopic Abundance Ratio in Biofield Energy Treated Nitrophenol Derivatives Using Gas Chromatography-Mass Spectrometry,Harvard Dataverse,2016,Dataset
doi:10.7910/DVN/IV9KSX,https://ezid.cdlib.org/id/doi:10.7910/DVN/IV9KSX,https://dataverse.harvard.edu/dataset.xhtml?persistentId=doi:10.7910/DVN/IV9KSX,81,2017-05-10T09:44:02Z,404,Mahendra Kumar Trivedi (Trivedi Global Inc.),Impact of Biofield Treatment on Atomic and Structural Characteristics of Barium Titanate Powder,Harvard Dataverse,2016,Dataset
doi:10.7910/DVN/IWPAVB,https://ezid.cdlib.org/id/doi:10.7910/DVN/IWPAVB,https://dataverse.harvard.edu/citation?persistentId=doi:10.7910/DVN/IWPAVB,8,2017-05-09T00:21:14Z,404,"Mukhtar Ahmed (Research Scholar Centre for Persian and Central Asian Studies School of Language, Literature and Culture Studies Jawaharlal Nehru University, New Delhi, India)",Migration of Persian literati from Delhi to Awadh,Harvard Dataverse,2016,Dataset
doi:10.7910/DVN/IWVO9I,https://ezid.cdlib.org/id/doi:10.7910/DVN/IWVO9I,https://dataverse.harvard.edu/dataset.xhtml?persistentId=doi:10.7910/DVN/IWVO9I,81,2017-05-10T09:44:14Z,404,Mahendra Kumar Trivedi (Trivedi Global Inc.),Antibiogram and Genotypic Analysis using 16S rDNA after Biofield Treatment on Morganella morganii,Harvard Dataverse,2016,Dataset
doi:10.7910/DVN/J3ZYBD,https://ezid.cdlib.org/id/doi:10.7910/DVN/J3ZYBD,https://dataverse.harvard.edu/dataset.xhtml?persistentId=doi:10.7910/DVN/J3ZYBD,81,2017-05-10T09:44:20Z,404,Mahendra Kumar Trivedi (Trivedi Global Inc.),Evaluation of Biofield Treatment on Atomic and Thermal Properties of Ethanol,Harvard Dataverse,2016,Dataset
doi:10.7910/DVN/J4DEWO,https://ezid.cdlib.org/id/doi:10.7910/DVN/J4DEWO,https://dataverse.harvard.edu/citation?persistentId=doi:10.7910/DVN/J4DEWO,8,2017-05-09T00:21:20Z,404,"Farough Fakhimi Anbaran (Shiraz University, Iran)",King Oedipus: An Archetypal Hero,Harvard Dataverse,2015,Dataset
doi:10.7910/DVN/JCBE7C,https://ezid.cdlib.org/id/doi:10.7910/DVN/JCBE7C,https://dataverse.harvard.edu/dataset.xhtml?persistentId=doi:10.7910/DVN/JCBE7C,81,2017-05-10T09:44:25Z,404,Mahendra Kumar Trivedi (Trivedi Global Inc.),Impact of Biofield Treatment on Spectroscopic and Physicochemical Properties of p-Nitroaniline,Harvard Dataverse,2016,Dataset
doi:10.7910/DVN/JFVNEC,https://ezid.cdlib.org/id/doi:10.7910/DVN/JFVNEC,https://dataverse.harvard.edu/citation?persistentId=doi:10.7910/DVN/JFVNEC,81,2017-05-10T09:44:31Z,404,Mahendra Trivedi (Trivedi Global Inc.),"Agronomic Characteristics, Growth Analysis, and Yield Response of Biofield Treated Mustard, Cowpea, Horse Gram, and Groundnuts",Harvard Dataverse,2016,Dataset
doi:10.7910/DVN/JTQWPZ,https://ezid.cdlib.org/id/doi:10.7910/DVN/JTQWPZ,https://dataverse.harvard.edu/dataset.xhtml?persistentId=doi:10.7910/DVN/JTQWPZ,81,2017-05-10T09:44:37Z,404,Mahendra Kumar Trivedi (Trivedi Global Inc.),Characterization of Physical and Structural Properties of Brass Powder After Biofield Treatment,Harvard Dataverse,2016,Dataset
doi:10.7910/DVN/KGPIQE,https://ezid.cdlib.org/id/doi:10.7910/DVN/KGPIQE,https://dataverse.harvard.edu/dataset.xhtml?persistentId=doi:10.7910/DVN/KGPIQE,81,2017-05-10T09:44:43Z,404,Mahendra Kumar Trivedi (Trivedi Global Inc.),Characterization of Physicochemical and Thermal Properties of Chitosan and Sodium Alginate after Biofield Treatment,Harvard Dataverse,2016,Dataset
doi:10.7910/DVN/KHUKIG,https://ezid.cdlib.org/id/doi:10.7910/DVN/KHUKIG,https://dataverse.harvard.edu/citation?persistentId=doi:10.7910/DVN/KHUKIG,80,2017-05-08T07:37:21Z,404,Mahendra Trivedi,Characterization of Physicochemical and Spectroscopic Properties of Biofield Energy Treated Bio Peptone,Harvard Dataverse,2016,Dataset
doi:10.7910/DVN/KK3ABY,https://ezid.cdlib.org/id/doi:10.7910/DVN/KK3ABY,https://dataverse.harvard.edu/dataset.xhtml?persistentId=doi:10.7910/DVN/KK3ABY,80,2017-05-08T07:37:26Z,404,Mahendra Kumar Trivedi (Trivedi Global Inc.),Physicochemical and Spectroscopic Characterization of p-Chlorobenzaldehyde: An Impact of Biofield Energy Treatment,Harvard Dataverse,2016,Dataset
doi:10.7910/DVN/KKJE2Y,https://ezid.cdlib.org/id/doi:10.7910/DVN/KKJE2Y,https://dataverse.harvard.edu/dataset.xhtml?persistentId=doi:10.7910/DVN/KKJE2Y,80,2017-05-08T07:37:33Z,404,Mahendra Kumar Trivedi (Trivedi Global Inc.),Characterization of Physical and Structural Properties of Aluminium Carbide Powder: Impact of Biofield Treatment,Harvard Dataverse,2016,Dataset
doi:10.7910/DVN/KMRYSP,https://ezid.cdlib.org/id/doi:10.7910/DVN/KMRYSP,https://dataverse.harvard.edu/dataset.xhtml?persistentId=doi:10.7910/DVN/KMRYSP,80,2017-05-08T07:37:39Z,404,Mahendra Kumar Trivedi (Trivedi Global Inc.),Physicochemical Characterization of Biofield Treated Orchid Maintenance/Replate Medium,Harvard Dataverse,2016,Dataset
doi:10.7910/DVN/KTPUDO,https://ezid.cdlib.org/id/doi:10.7910/DVN/KTPUDO,https://dataverse.harvard.edu/citation?persistentId=doi:10.7910/DVN/KTPUDO,39,2017-05-08T12:40:11Z,404,"Panasenko, Tetyana (Kharkiv Institute of Trade and Economics of Kyiv National University of Trade and Economics)",Price strategy and pricing strategy: terms and content identification,Harvard Dataverse,2016,Dataset
doi:10.7910/DVN/KUXYBX,https://ezid.cdlib.org/id/doi:10.7910/DVN/KUXYBX,https://dataverse.harvard.edu/dataset.xhtml?persistentId=doi:10.7910/DVN/KUXYBX,80,2017-05-08T07:37:45Z,404,Mahendra Trivedi (Trivedi Global Inc.),"Characterization of Physical, Thermal and Spectral Properties of Biofield Treated 2,6-Dichlorophenol",Harvard Dataverse,2016,Dataset
doi:10.7910/DVN/KVUSOG,https://ezid.cdlib.org/id/doi:10.7910/DVN/KVUSOG,https://dataverse.harvard.edu/dataset.xhtml?persistentId=doi:10.7910/DVN/KVUSOG,80,2017-05-08T07:37:51Z,404,Mahendra Kumar Trivedi (Trivedi Global Inc),"Impact of Biofield Treatment on Physical, Structural and Spectral Properties of Antimony Sulfide",Harvard Dataverse,2016,Dataset
doi:10.7910/DVN/KXZ7IW,https://ezid.cdlib.org/id/doi:10.7910/DVN/KXZ7IW,https://dataverse.harvard.edu/dataset.xhtml?persistentId=doi:10.7910/DVN/KXZ7IW,80,2017-05-08T07:37:56Z,404,Mahendra Kumar Trivedi (Trivedi Global Inc.); Alice Branton; Dahryn Trivedi,"Physical, Thermal and Spectroscopic Studies of Biofield Treated p-Chlorobenzonitrile",Harvard Dataverse,2016,Dataset
doi:10.7910/DVN/LBC7IL,https://ezid.cdlib.org/id/doi:10.7910/DVN/LBC7IL,https://dataverse.harvard.edu/citation?persistentId=doi:10.7910/DVN/LBC7IL,80,2017-05-08T08:27:25Z,404,Mahendra Kumar Trivedi (Trivedi Global Inc.),Effect of Biofield Treatment on the Physical and Thermal Characteristics of Aluminium Powders,Harvard Dataverse,2016,Dataset
doi:10.7910/DVN/LBIL0B,https://ezid.cdlib.org/id/doi:10.7910/DVN/LBIL0B,https://dataverse.harvard.edu/citation?persistentId=doi:10.7910/DVN/LBIL0B,12,2017-05-09T13:39:54Z,404,Dr. Priyanka Khanna,Parents Perception of Influence of Television Advertisement on Children,Harvard Dataverse,2016,Dataset
doi:10.7910/DVN/LCKUHE,https://ezid.cdlib.org/id/doi:10.7910/DVN/LCKUHE,https://dataverse.harvard.edu/citation?persistentId=doi:10.7910/DVN/LCKUHE,12,2017-05-09T13:40:00Z,404,Angadala Sowjanya and P. Krishna Prasanna,Effect of Copper Slag on Steel Fiber Reinforced Concrete and Conventional Concrete,Harvard Dataverse,2016,Dataset
doi:10.7910/DVN/LDDOHL,https://ezid.cdlib.org/id/doi:10.7910/DVN/LDDOHL,https://dataverse.harvard.edu/citation?persistentId=doi:10.7910/DVN/LDDOHL,80,2017-05-08T08:27:46Z,404,Mahendra Kumar Trivedi (Trivedi Global Inc.),Morphological and Molecular Analysis Using RAPD in Biofield Treated Sponge and Bitter Gourd,Harvard Dataverse,2016,Dataset
doi:10.7910/DVN/LKEEBU,https://ezid.cdlib.org/id/doi:10.7910/DVN/LKEEBU,https://dataverse.harvard.edu/citation?persistentId=doi:10.7910/DVN/LKEEBU,8,2017-05-09T00:21:25Z,404,"Telios Ioannis (Aarhus University, Denmark)",Metaphor in Sarah Kaneâ€™s 4.48 Psychosis,Harvard Dataverse,2015,Dataset
doi:10.7910/DVN/LNRBSH,https://ezid.cdlib.org/id/doi:10.7910/DVN/LNRBSH,https://dataverse.harvard.edu/citation?persistentId=doi:10.7910/DVN/LNRBSH,80,2017-05-08T08:27:56Z,404,Mahendra Trivedi (Trivedi Global Inc.),Impact of an external energy on Yersinia enterocolitica [ATCCâ€“23715] in relation to antibiotic susceptibility and biochemical reactions: An experimental study,Harvard Dataverse,2016,Dataset
doi:10.7910/DVN/LTBOFX,https://ezid.cdlib.org/id/doi:10.7910/DVN/LTBOFX,https://dataverse.harvard.edu/citation?persistentId=doi:10.7910/DVN/LTBOFX,8,2017-05-09T00:21:31Z,404,"Abida Dr. Farooqui (Assistant Professor, Department of English Govt. Arts and Science College, Kondotty (Affiliated to Univ. of Calicut) Kerala, India)","Teaching of English at the undergraduate level in Kerala: Problems, Perspectives and Possibilities",Harvard Dataverse,2015,Dataset
doi:10.7910/DVN/M24UMK,https://ezid.cdlib.org/id/doi:10.7910/DVN/M24UMK,https://dataverse.harvard.edu/dataset.xhtml?persistentId=doi:10.7910/DVN/M24UMK,80,2017-05-08T08:28:02Z,404,Mahendra Kumar Trivedi (Trivedi Global Inc.),"Characterization of Physical, Thermal and Structural Properties of Chromium (VI) Oxide Powder: Impact of Biofield Treatment",Harvard Dataverse,2016,Dataset
doi:10.7910/DVN/MCPVHN,https://ezid.cdlib.org/id/doi:10.7910/DVN/MCPVHN,https://dataverse.harvard.edu/citation?persistentId=doi:10.7910/DVN/MCPVHN,8,2017-05-09T00:21:37Z,404,Prof. (Dr.) M. KAYE SHARON (Professor- Department of Philosophy John Carroll University United States),Deep Fun,Harvard Dataverse,2015,Dataset
doi:10.7910/DVN/MHGCNF,https://ezid.cdlib.org/id/doi:10.7910/DVN/MHGCNF,https://dataverse.harvard.edu/citation?persistentId=doi:10.7910/DVN/MHGCNF,8,2017-05-09T00:21:43Z,404,"Ruzhdie Bici (Phd Candidate Department of Economics University of Tirana, Albania); Prof. Dr. Ahmet Mancellari (Department of Economics University of Tirana, Albania)",Multidimensional Measurement of Poverty - Albania Case,Harvard Dataverse,2015,Dataset
doi:10.7910/DVN/MKBDAY,https://ezid.cdlib.org/id/doi:10.7910/DVN/MKBDAY,https://dataverse.harvard.edu/citation?persistentId=doi:10.7910/DVN/MKBDAY,80,2017-05-08T08:28:08Z,404,"Trivedi, Mahendra (Trivedi Science)",Determination of Isotopic Abundance of 13C/12C or 2H/1H and 18O/16O in Biofield Energy Treated 1-Chloro-3-Nitrobenzene (3-CNB) Using Gas Chromatography-Mass Spectrometry,Harvard Dataverse,2016,Dataset
doi:10.7910/DVN/MRES5L,https://ezid.cdlib.org/id/doi:10.7910/DVN/MRES5L,https://dataverse.harvard.edu/citation?persistentId=doi:10.7910/DVN/MRES5L,8,2017-05-09T00:21:49Z,404,"Kovacheva, Lidija (Assistant Professor Classical (ancient) studies University EURO Balkan Skopje Macedonia, the former Yugoslav Republic of)",Customs of the Ancient Macedonians in Macedonian National Tradition,Harvard Dataverse,2016,Dataset
doi:10.7910/DVN/MRXPZZ,https://ezid.cdlib.org/id/doi:10.7910/DVN/MRXPZZ,https://dataverse.harvard.edu/dataset.xhtml?persistentId=doi:10.7910/DVN/MRXPZZ,80,2017-05-08T08:28:15Z,404,"Trivedi, Mahendra  (Trivedi Global Inc.)",Spectral and Thermal Properties of Biofield Energy Treated Cotton,Harvard Dataverse,2016,Dataset
doi:10.7910/DVN/MUD8BG,https://ezid.cdlib.org/id/doi:10.7910/DVN/MUD8BG,https://dataverse.harvard.edu/citation?persistentId=doi:10.7910/DVN/MUD8BG,12,2017-05-09T13:40:05Z,404,"Payal Sharma, Navdeep Chopra, and Ashish Sharma",Identification and Life Satisfaction: A study of Social Media users in India,Harvard Dataverse,2016,Dataset
doi:10.7910/DVN/MXNWFE,https://ezid.cdlib.org/id/doi:10.7910/DVN/MXNWFE,https://dataverse.harvard.edu/dataset.xhtml?persistentId=doi:10.7910/DVN/MXNWFE,80,2017-05-08T08:28:22Z,404,Mahendra Kumar Trivedi (Trivedi Global Inc.),"Thermal, Spectroscopic and Chemical Characterization of Biofield Energy Treated Anisole",Harvard Dataverse,2016,Dataset
doi:10.7910/DVN/MZFKHS,https://ezid.cdlib.org/id/doi:10.7910/DVN/MZFKHS,https://dataverse.harvard.edu/citation?persistentId=doi:10.7910/DVN/MZFKHS,39,2017-05-08T14:18:14Z,404,"Osmolovich, Anna  (Kharkiv Institute of Trade and Economics of Kyiv National University of Trade and Economics)",Identification and evaluation of culture current trend consumption of goods and services to final consumers in Ukraine,Harvard Dataverse,2016,Dataset
doi:10.7910/DVN/MZGRKK,https://ezid.cdlib.org/id/doi:10.7910/DVN/MZGRKK,https://dataverse.harvard.edu/citation?persistentId=doi:10.7910/DVN/MZGRKK,80,2017-05-08T08:28:31Z,404,Mahendra Kumar Trivedi (Trivedi Global Inc.),Impact of an external energy on Enterococcus faecalis [ATCC â€“ 51299] in relation to antibiotic susceptibilityand biochemical reactions â€“ An experimental study,Harvard Dataverse,2016,Dataset
doi:10.7910/DVN/N0TYIN,https://ezid.cdlib.org/id/doi:10.7910/DVN/N0TYIN,https://dataverse.harvard.edu/dataset.xhtml?persistentId=doi:10.7910/DVN/N0TYIN,80,2017-05-08T10:07:55Z,404,Mahendra Kumar Trivedi (Trivedi Global Inc.),"Characterization of Physical, Spectroscopic and Thermal Properties of Biofield Treated Biphenyl",Harvard Dataverse,2016,Dataset
doi:10.7910/DVN/N122HP,https://ezid.cdlib.org/id/doi:10.7910/DVN/N122HP,https://dataverse.harvard.edu/citation?persistentId=doi:10.7910/DVN/N122HP,80,2017-05-08T10:07:32Z,404,Mahendra Trivedi (Trivedi Global Inc.),"Evaluation of Atomic, Physical, and Thermal Properties of Bismuth Oxide Powder: An Impact of Biofield Energy Treatment",Harvard Dataverse,2016,Dataset
doi:10.7910/DVN/N9WRUI,https://ezid.cdlib.org/id/doi:10.7910/DVN/N9WRUI,https://dataverse.harvard.edu/citation?persistentId=doi:10.7910/DVN/N9WRUI,80,2017-05-08T10:08:01Z,404,Mahendra Kumar Trivedi (Trivedi Global Inc.),"Characterization of Physical, Thermal and Spectral Properties of Biofield Treated Date Palm Callus Initiation Medium",Harvard Dataverse,2016,Dataset
doi:10.7910/DVN/NANWFN,https://ezid.cdlib.org/id/doi:10.7910/DVN/NANWFN,https://dataverse.harvard.edu/citation?persistentId=doi:10.7910/DVN/NANWFN,12,2017-05-09T13:40:11Z,404,Sachin W. Gajghate and Prof. Bankar,Vibration Study of Seed channel of Double Roller Ginning Machine using a Mathematical Approach and its Effect,Harvard Dataverse,2016,Dataset
doi:10.7910/DVN/NR4G0N,https://ezid.cdlib.org/id/doi:10.7910/DVN/NR4G0N,https://dataverse.harvard.edu/citation?persistentId=doi:10.7910/DVN/NR4G0N,8,2017-05-09T00:21:55Z,404,"Amin keramatpanah (M.A Graduate of Business Management, Azad University (Rasht Branch), Rasht,Iran); Shahroodi Kambiz (Assistant Professor Industrial Management Department, Azad University (Rasht Branch), Rasht, Iran); Yavarpour Saeed (M.A Economic Director- Sani Kaveh Iron & Steel company, Tehran, Iran); Keramatpanah Mohsen (M.A Graduate of Industrial management, Institute of management and planning, Tehran, Iran)",A Mathematical Model Designing to Achieve Cost Management in Value Chain with Combinational Approach of AHP & GP (Case Study: Home Appliance Industries),Harvard Dataverse,2016,Dataset
doi:10.7910/DVN/NTLTTF,https://ezid.cdlib.org/id/doi:10.7910/DVN/NTLTTF,https://dataverse.harvard.edu/dataset.xhtml?persistentId=doi:10.7910/DVN/NTLTTF,80,2017-05-08T10:08:26Z,404,Mahendra Kumar Trivedi (Trivedi Global Inc.),Antibiogram Typing and Biochemical Characterization of Klebsiella pneumoniae after Biofield Treatment,Harvard Dataverse,2016,Dataset
doi:10.7910/DVN/NWWPXI,https://ezid.cdlib.org/id/doi:10.7910/DVN/NWWPXI,https://dataverse.harvard.edu/citation?persistentId=doi:10.7910/DVN/NWWPXI,8,2017-05-09T00:22:01Z,404,"Khojastehpour Adineh, Alireza Anushiravani (PhD Candidate - English Literature in the Department of Foreign Languages and Linguistics at the College of Literature and Humanities Shiraz University Shiraz, Islamic Republic of Iran); Anushiravani Alireza (Associate Professor of Comparative Literature College of Literature & Humanities Shiraz University Shiraz Iran)",An Iranian Herzog: A Study of Dariush Mehrjuiâ€™s Screen Adaptation of Saul Bellowâ€™s Herzog,Harvard Dataverse,2016,Dataset
doi:10.7910/DVN/NXIHMU,https://ezid.cdlib.org/id/doi:10.7910/DVN/NXIHMU,https://dataverse.harvard.edu/dataset.xhtml?persistentId=doi:10.7910/DVN/NXIHMU,80,2017-05-08T10:08:36Z,404,Mahendra Kumar Trivedi (Trivedi Global Inc.),Bacterial Identification Using 16S rDNA Gene Sequencing and Antibiogram Analysis on Biofield Treated Pseudomonas fluorescens,Harvard Dataverse,2016,Dataset
doi:10.7910/DVN/NZ6J6G,https://ezid.cdlib.org/id/doi:10.7910/DVN/NZ6J6G,https://dataverse.harvard.edu/citation?persistentId=doi:10.7910/DVN/NZ6J6G,8,2017-05-09T00:22:06Z,404,"Chandra, Saurabh (Editor- SOCRATES)",An inquiry into â€œThe Copper Artifact Master Database (CAMD)â€ù,Harvard Dataverse,2016,Dataset
doi:10.7910/DVN/O43VU7,https://ezid.cdlib.org/id/doi:10.7910/DVN/O43VU7,https://dataverse.harvard.edu/citation?persistentId=doi:10.7910/DVN/O43VU7,11,2017-05-09T14:29:57Z,404,"Riddhi C. Somaiya, Dr. Atul M. Gonsai, and Rashmin S. Tanna",WLAN Security and Efficiency Issues based on Encryption Techniques,Harvard Dataverse,2016,Dataset
doi:10.7910/DVN/OA9UM1,https://ezid.cdlib.org/id/doi:10.7910/DVN/OA9UM1,https://dataverse.harvard.edu/citation?persistentId=doi:10.7910/DVN/OA9UM1,80,2017-05-08T10:08:41Z,404,Mahendra Trivedi (Trivedi Global Inc.),Comparative Physicochemical Evaluation of Biofield Treated Phosphate Buffer Saline and Hanks Balanced Salt Medium,Harvard Dataverse,2016,Dataset
doi:10.7910/DVN/OCI5UI,https://ezid.cdlib.org/id/doi:10.7910/DVN/OCI5UI,https://dataverse.harvard.edu/dataset.xhtml?persistentId=doi:10.7910/DVN/OCI5UI,80,2017-05-08T10:08:48Z,404,Mahendra Kumar Trivedi (Trivedi Global Inc.),Evaluation of Thermal and Physical Properties of Magnesium Nitride Powder: Impact of Biofield Energy Treatment,Harvard Dataverse,2016,Dataset
doi:10.7910/DVN/ODAHFV,https://ezid.cdlib.org/id/doi:10.7910/DVN/ODAHFV,https://dataverse.harvard.edu/dataset.xhtml?persistentId=doi:10.7910/DVN/ODAHFV,80,2017-05-08T10:08:54Z,404,Mahendra Kumar Trivedi (Trivedi Global Inc.),"An Evaluation of Biofield Treatment on Thermal, Physical and Structural Properties of Cadmium Powder",Harvard Dataverse,2016,Dataset
doi:10.7910/DVN/OFJJQK,https://ezid.cdlib.org/id/doi:10.7910/DVN/OFJJQK,https://dataverse.harvard.edu/citation?persistentId=doi:10.7910/DVN/OFJJQK,38,2017-05-08T18:29:03Z,404,"Ovcharenko, Darina (Kharkiv Institute of Trade and Economics of Kyiv National University of Trade and Economics)",The state and prospects of development of Ukraine building market,Harvard Dataverse,2016,Dataset
doi:10.7910/DVN/OGEJTC,https://ezid.cdlib.org/id/doi:10.7910/DVN/OGEJTC,https://dataverse.harvard.edu/citation?persistentId=doi:10.7910/DVN/OGEJTC,80,2017-05-08T10:08:59Z,404,"Trivedi, Mahendra (Trivedi Science)",Evaluation of the Isotopic Abundance Ratio in Biofield Energy Treated Resorcinol Using Gas Chromatography-Mass Spectrometry Technique,Harvard Dataverse,2016,Dataset
doi:10.7910/DVN/OIZ1JY,https://ezid.cdlib.org/id/doi:10.7910/DVN/OIZ1JY,https://dataverse.harvard.edu/citation?persistentId=doi:10.7910/DVN/OIZ1JY,38,2017-05-08T18:29:10Z,404,"Oberemok, Svetlana (National University of Pharmacy)",Marketing-mix and technology: evolution  and proactive development,Harvard Dataverse,2016,Dataset
doi:10.7910/DVN/OXT0BB,https://ezid.cdlib.org/id/doi:10.7910/DVN/OXT0BB,https://dataverse.harvard.edu/citation?persistentId=doi:10.7910/DVN/OXT0BB,11,2017-05-09T15:20:04Z,404,Rajesh Kadiyala and Tejaswi Kota,Effect of Diaphragm Discontinuity of the Building,Harvard Dataverse,2016,Dataset
doi:10.7910/DVN/OYIWXJ,https://ezid.cdlib.org/id/doi:10.7910/DVN/OYIWXJ,https://dataverse.harvard.edu/citation?persistentId=doi:10.7910/DVN/OYIWXJ,80,2017-05-08T10:09:05Z,404,Mahendra Kumar Trivedi (Trivedi Global Inc.),"Effect of Biofield Energy Treatment on Chlorophyll Content, Pathological Study, and Molecular Analysis of Cashew Plant (Anacardium occidentale L.)",Harvard Dataverse,2016,Dataset
doi:10.7910/DVN/P7ZRSC,https://ezid.cdlib.org/id/doi:10.7910/DVN/P7ZRSC,https://dataverse.harvard.edu/citation?persistentId=doi:10.7910/DVN/P7ZRSC,80,2017-05-08T10:09:11Z,404,Mahendra Trivedi (Trivedi Global Inc.),"Physical, Spectroscopic and Thermal Characterization of Biofield Treated Fish Peptone",Harvard Dataverse,2016,Dataset
doi:10.7910/DVN/PCGRDK,https://ezid.cdlib.org/id/doi:10.7910/DVN/PCGRDK,https://dataverse.harvard.edu/dataset.xhtml?persistentId=doi:10.7910/DVN/PCGRDK,80,2017-05-08T10:09:16Z,404,Mahendra Kumar Trivedi (Trivedi Global Inc.),Physicochemical and Spectroscopic Characterization of Biofield Energy Treated p-Anisidine,Harvard Dataverse,2016,Dataset
doi:10.7910/DVN/PMVGGA,https://ezid.cdlib.org/id/doi:10.7910/DVN/PMVGGA,https://dataverse.harvard.edu/dataset.xhtml?persistentId=doi:10.7910/DVN/PMVGGA,80,2017-05-08T10:09:28Z,404,Mahendra Kumar Trivedi (Trivedi Global Inc.),Physicochemical and Spectroscopic Characterization of Biofield Treated Butylated Hydroxytoluene,Harvard Dataverse,2016,Dataset
doi:10.7910/DVN/PMW6MM,https://ezid.cdlib.org/id/doi:10.7910/DVN/PMW6MM,https://dataverse.harvard.edu/citation?persistentId=doi:10.7910/DVN/PMW6MM,80,2017-05-08T10:09:22Z,404,Mahendra Trivedi (mahendra@trivedisrl.com),"Impact of Biofield Treatment on Yield, Quality and Control of Nematode in Carrots",Harvard Dataverse,2016,Dataset
doi:10.7910/DVN/PP6CUE,https://ezid.cdlib.org/id/doi:10.7910/DVN/PP6CUE,https://dataverse.harvard.edu/dataset.xhtml?persistentId=doi:10.7910/DVN/PP6CUE,80,2017-05-08T10:09:39Z,404,Mahendra Trivedi (Trivedi Global Inc.),Improved Susceptibility Pattern of Antimicrobials Using Vital Energy Treatment on Shigella sonnei,Harvard Dataverse,2016,Dataset
doi:10.7910/DVN/PPFFJQ,https://ezid.cdlib.org/id/doi:10.7910/DVN/PPFFJQ,https://dataverse.harvard.edu/dataset.xhtml?persistentId=doi:10.7910/DVN/PPFFJQ,80,2017-05-08T10:09:34Z,404,Mahendra Kumar Trivedi (Trivedi Global Inc.),Fourier Transform Infrared and Ultraviolet-Visible Spectroscopic Characterization of Ammonium Acetate and Ammonium Chloride: An Impact of Biofield Treatment,Harvard Dataverse,2016,Dataset
doi:10.7910/DVN/PQCKQA,https://ezid.cdlib.org/id/doi:10.7910/DVN/PQCKQA,https://dataverse.harvard.edu/citation?persistentId=doi:10.7910/DVN/PQCKQA,80,2017-05-08T10:09:45Z,404,Mahendra Kumar Trivedi (Trivedi Global Inc.),"Biofield and Fungicide Seed Treatment Influences on Soybean Productivity, Seed Quality and Weed Community",Harvard Dataverse,2016,Dataset
doi:10.7910/DVN/PSF34B,https://ezid.cdlib.org/id/doi:10.7910/DVN/PSF34B,https://dataverse.harvard.edu/dataset.xhtml?persistentId=doi:10.7910/DVN/PSF34B,80,2017-05-08T10:09:50Z,404,Mahendra Kumar Trivedi (Trivedi Global Inc.),Biofield Treatment: An Alternative Approach to Combat Multidrug-Resistant Susceptibility Pattern of Raoultella ornithinolytica,Harvard Dataverse,2016,Dataset
doi:10.7910/DVN/PXSVMY,https://ezid.cdlib.org/id/doi:10.7910/DVN/PXSVMY,https://dataverse.harvard.edu/citation?persistentId=doi:10.7910/DVN/PXSVMY,38,2017-05-08T18:29:16Z,404,"Ms.Bharti Kungwani,Ms.Priyanka Dudhe",PRIVACY PRESERVING TRUSTWORTHY FRIEND RECOMMENDATION IN SOCIAL NETWORK WEB â€“ A REVIEW,Harvard Dataverse,2016,Dataset
doi:10.7910/DVN/PZ5RIR,https://ezid.cdlib.org/id/doi:10.7910/DVN/PZ5RIR,https://dataverse.harvard.edu/citation?persistentId=doi:10.7910/DVN/PZ5RIR,80,2017-05-08T10:09:56Z,404,Mahendra Trivedi (Trivedi Global Inc.),Characterization of Thermal and Physical properties of Biofield Treated Acrylamide and 2-Chloroacetamide,Harvard Dataverse,2016,Dataset
doi:10.7910/DVN/PZZ644,https://ezid.cdlib.org/id/doi:10.7910/DVN/PZZ644,https://dataverse.harvard.edu/dataset.xhtml?persistentId=doi:10.7910/DVN/PZZ644,80,2017-05-08T10:10:02Z,404,Mahendra Kumar Trivedi (Trivedi Global Inc.),Physicochemical and Spectroscopic Characteristics of Biofield Treated p-Chlorobenzophenone,Harvard Dataverse,2016,Dataset
doi:10.7910/DVN/Q2AC4B,https://ezid.cdlib.org/id/doi:10.7910/DVN/Q2AC4B,https://dataverse.harvard.edu/citation?persistentId=doi:10.7910/DVN/Q2AC4B,11,2017-05-09T16:10:11Z,404,Somesh Singh and Dr. Vineet Richhariya,A comparative study of various access control and authentication techniques in cloud computing,Harvard Dataverse,2016,Dataset
doi:10.7910/DVN/QEZ5ZW,https://ezid.cdlib.org/id/doi:10.7910/DVN/QEZ5ZW,https://dataverse.harvard.edu/citation?persistentId=doi:10.7910/DVN/QEZ5ZW,11,2017-05-09T16:10:16Z,404,A. Amulya and M. Kanta Rao,"Prediction of Crack Propagation, Size Effect in High Volume flyash Beams using Fracture Interface Parameters",Harvard Dataverse,2016,Dataset
doi:10.7910/DVN/QFYPPB,https://ezid.cdlib.org/id/doi:10.7910/DVN/QFYPPB,https://dataverse.harvard.edu/citation?persistentId=doi:10.7910/DVN/QFYPPB,11,2017-05-09T16:10:22Z,404,M. Amala,On the Additive and Multiplicative Structures of Idempotent Semirings,Harvard Dataverse,2016,Dataset
doi:10.7910/DVN/QHZUUM,https://ezid.cdlib.org/id/doi:10.7910/DVN/QHZUUM,https://dataverse.harvard.edu/dataset.xhtml?persistentId=doi:10.7910/DVN/QHZUUM,80,2017-05-08T10:10:07Z,404,Mahendra Kumar Trivedi (Trivedi Global Inc.),In vitro Evaluation of Biofield Treatment on Enterobacter cloacae: Impact on Antimicrobial Susceptibility and Biotype,Harvard Dataverse,2016,Dataset
doi:10.7910/DVN/QO2VFN,https://ezid.cdlib.org/id/doi:10.7910/DVN/QO2VFN,https://dataverse.harvard.edu/dataset.xhtml?persistentId=doi:10.7910/DVN/QO2VFN,80,2017-05-08T10:10:13Z,404,Mahendra Kumar Trivedi (Trivedi Global Inc.),"Characterization of Biofield Energy Treated 3-Chloronitrobenzene: Physical, Thermal, and Spectroscopic Studies",Harvard Dataverse,2016,Dataset
doi:10.7910/DVN/QOOTDS,https://ezid.cdlib.org/id/doi:10.7910/DVN/QOOTDS,https://dataverse.harvard.edu/citation?persistentId=doi:10.7910/DVN/QOOTDS,80,2017-05-08T10:10:20Z,404,Mahendra Trivedi (Trivedi Global Inc.),"Biofield Treatment: An Effective Strategy for Modulating the Physical and Thermal Properties of O-Nitrophenol, M-Nitrophenol and P-Tertiary Butyl Phenol",Harvard Dataverse,2016,Dataset
doi:10.7910/DVN/QXMWBJ,https://ezid.cdlib.org/id/doi:10.7910/DVN/QXMWBJ,https://dataverse.harvard.edu/citation?persistentId=doi:10.7910/DVN/QXMWBJ,11,2017-05-09T17:00:21Z,404,Mazen Ismaeel Ghareb and Awder Mohamed Ahmed,The Use of Programming Language Java and C-Sharp in academic institutes of Kurdistan Region Government,Harvard Dataverse,2016,Dataset
doi:10.7910/DVN/QXWBZX,https://ezid.cdlib.org/id/doi:10.7910/DVN/QXWBZX,https://dataverse.harvard.edu/citation?persistentId=doi:10.7910/DVN/QXWBZX,80,2017-05-08T10:10:25Z,404,Mahendra Kumar Trivedi (Trivedi Global Inc.),"Effect of External Energy on Atomic, Crystalline and Powder Characteristics of Antimony and Bismuth Powders",Harvard Dataverse,2016,Dataset
doi:10.7910/DVN/QYAVXS,https://ezid.cdlib.org/id/doi:10.7910/DVN/QYAVXS,https://dataverse.harvard.edu/dataset.xhtml?persistentId=doi:10.7910/DVN/QYAVXS,80,2017-05-08T10:10:31Z,404,Mahendra Kumar Trivedi (Trivedi Global Inc.),"Physical, Thermal and Spectroscopic Studies on Biofield Treated p-Dichlorobenzene",Harvard Dataverse,2016,Dataset
doi:10.7910/DVN/QYIBHS,https://ezid.cdlib.org/id/doi:10.7910/DVN/QYIBHS,https://dataverse.harvard.edu/citation?persistentId=doi:10.7910/DVN/QYIBHS,8,2017-05-09T00:22:12Z,404,"Akinpelu Ayokunnu Oyekunle (PhD Student and Researcher Department of Philosophy University of Ibadan, Ibadan, Nigeria)",Towards an Enlightened Externalism : A Demystification of the Internalism Externalism debate.,Harvard Dataverse,2015,Dataset
doi:10.7910/DVN/R493SW,https://ezid.cdlib.org/id/doi:10.7910/DVN/R493SW,https://dataverse.harvard.edu/citation?persistentId=doi:10.7910/DVN/R493SW,80,2017-05-08T10:10:37Z,404,Mahendra Trivedi (Trivedi Global Inc.),Characterization of Physicochemical and Thermal Properties of Biofield Treated Ethyl Cellulose and Methyl Cellulose,Harvard Dataverse,2016,Dataset
doi:10.7910/DVN/RCW5QK,https://ezid.cdlib.org/id/doi:10.7910/DVN/RCW5QK,https://dataverse.harvard.edu/citation?persistentId=doi:10.7910/DVN/RCW5QK,38,2017-05-08T18:29:23Z,404,"Pereyaslova, Yuliya (Kharkiv Institute of Trade and Economics of Kyiv National University of Trade and Economics); Hrebenyukova, Elena (Kharkiv Institute of Trade and Economics of Kyiv National University of Trade and Economics); Rasskazova, Elizabeth (Kharkiv Institute of Trade and Economics of Kyiv National University of Trade and Economics)",Hotel services for hypotonics in Ukraine: scientific-practical results of economic-organizational and marketing substantiation,Harvard Dataverse,2016,Dataset
doi:10.7910/DVN/RCYTPR,https://ezid.cdlib.org/id/doi:10.7910/DVN/RCYTPR,https://dataverse.harvard.edu/dataset.xhtml?persistentId=doi:10.7910/DVN/RCYTPR,80,2017-05-08T11:47:44Z,404,Mahendra Kumar Trivedi (Trivedi Global Inc.),Physical and Structural Characterization of Biofield Treated Imidazole Derivatives,Harvard Dataverse,2016,Dataset
doi:10.7910/DVN/RDTS3D,https://ezid.cdlib.org/id/doi:10.7910/DVN/RDTS3D,https://dataverse.harvard.edu/citation?persistentId=doi:10.7910/DVN/RDTS3D,80,2017-05-08T11:47:50Z,404,Mahendra Trivedi (Trivedi Global Inc.),Effect of Biofield Treatment on Antimicrobials Susceptibility Pattern of Acinetobacter baumannii - An Experimental Study,Harvard Dataverse,2016,Dataset
doi:10.7910/DVN/REDWDN,https://ezid.cdlib.org/id/doi:10.7910/DVN/REDWDN,https://dataverse.harvard.edu/dataset.xhtml?persistentId=doi:10.7910/DVN/REDWDN,80,2017-05-08T11:47:38Z,404,Trivedi Mahendra (Trivedi Global Inc.),"Use of Energy Healing Medicine Against Escherichia coli for Antimicrobial Susceptibility, Biochemical Reaction and Biotyping",Harvard Dataverse,2016,Dataset
doi:10.7910/DVN/RG4J2Y,https://ezid.cdlib.org/id/doi:10.7910/DVN/RG4J2Y,https://dataverse.harvard.edu/citation?persistentId=doi:10.7910/DVN/RG4J2Y,11,2017-05-09T17:00:36Z,404,"Diouneia L Berlitz, Leon Rabinovitch, Vilmar Machado, Aida T S Matsumura, Alexandre M GuimarÃ£es, Rita de C Santin, Maximiano Cassal, and Lidia M Fiuza",Evaluation of Biocontrol of the Meloidogyne Javanica with Bacillus Subtilis and Purpureocillium Lilacinus in Greenhouse with Lettuce,Harvard Dataverse,2016,Dataset
doi:10.7910/DVN/RH4WHB,https://ezid.cdlib.org/id/doi:10.7910/DVN/RH4WHB,https://dataverse.harvard.edu/dataset.xhtml?persistentId=doi:10.7910/DVN/RH4WHB,80,2017-05-08T11:47:57Z,404,Mahendra Kumar Trivedi (Trivedi Global Inc.),Potential Impact of BioField Treatment on Atomic and Physical Characteristics of Magnesium,Harvard Dataverse,2016,Dataset
doi:10.7910/DVN/RILTGG,https://ezid.cdlib.org/id/doi:10.7910/DVN/RILTGG,https://dataverse.harvard.edu/citation?persistentId=doi:10.7910/DVN/RILTGG,8,2017-05-09T00:22:18Z,404,BaÅŸak YÄ±ldÄ±z (Doctoral Scholar English language and literature Istanbul Aydin University Turkey),When Things Fall Apart: Looking through Said's and Spivak's Postcolonial Perspectives,Harvard Dataverse,2015,Dataset
doi:10.7910/DVN/RJGIMU,https://ezid.cdlib.org/id/doi:10.7910/DVN/RJGIMU,https://dataverse.harvard.edu/citation?persistentId=doi:10.7910/DVN/RJGIMU,80,2017-05-08T11:48:03Z,404,Mahendra Trivedi (Trivedi Global Inc.),Physicochemical and Spectroscopic Properties of Biofield Energy Treated Protose,Harvard Dataverse,2016,Dataset
doi:10.7910/DVN/RKHAND,https://ezid.cdlib.org/id/doi:10.7910/DVN/RKHAND,https://dataverse.harvard.edu/citation?persistentId=doi:10.7910/DVN/RKHAND,11,2017-05-09T17:00:44Z,404,"R.Saravanan, S.Ramkumar, and D. Gopinathan",An Analysis of Service Tax Revenue of India,Harvard Dataverse,2016,Dataset
doi:10.7910/DVN/S2RUSX,https://ezid.cdlib.org/id/doi:10.7910/DVN/S2RUSX,https://dataverse.harvard.edu/dataset.xhtml?persistentId=doi:10.7910/DVN/S2RUSX,80,2017-05-08T11:48:08Z,404,Mahendra Trivedi (Trivedi Global Inc.),"Evaluation of Atomic, Physical and Thermal Properties of Tellurium Powder: Impact of Biofield Energy Treatment",Harvard Dataverse,2016,Dataset
doi:10.7910/DVN/S6OIKA,https://ezid.cdlib.org/id/doi:10.7910/DVN/S6OIKA,https://dataverse.harvard.edu/dataset.xhtml?persistentId=doi:10.7910/DVN/S6OIKA,80,2017-05-08T11:48:14Z,404,Mahendra Kumar Trivedi (Trivedi Global Inc.),"Chromatographic, Spectroscopic, and Thermal Characterization of Biofield Energy Treated N,N-Dimethylformamide",Harvard Dataverse,2016,Dataset
doi:10.7910/DVN/SEF8AB,https://ezid.cdlib.org/id/doi:10.7910/DVN/SEF8AB,https://dataverse.harvard.edu/citation?persistentId=doi:10.7910/DVN/SEF8AB,11,2017-05-09T17:50:20Z,404,Keisha A. Mitchell,"Politics, Power and Identity in the Caribbean Psyche",Harvard Dataverse,2016,Dataset
doi:10.7910/DVN/SEMUSA,https://ezid.cdlib.org/id/doi:10.7910/DVN/SEMUSA,https://dataverse.harvard.edu/dataset.xhtml?persistentId=doi:10.7910/DVN/SEMUSA,80,2017-05-08T11:48:20Z,404,Mahendra Kumar Trivedi (Trivedi Global Inc.),Bio-field Treatment: A Potential Strategy for Modification of Physical and Thermal Properties of Gluten Hydrolysate and Ipomoea Macroelements,Harvard Dataverse,2016,Dataset
doi:10.7910/DVN/SGO2SJ,https://ezid.cdlib.org/id/doi:10.7910/DVN/SGO2SJ,https://dataverse.harvard.edu/citation?persistentId=doi:10.7910/DVN/SGO2SJ,80,2017-05-08T11:48:26Z,404,Mahendra Trivedi (Trivedi Global Inc.),Antimicrobial Susceptibility Pattern and Biochemical Characteristics of Staphylococcus aureus: Impact of Bio field Treatment,Harvard Dataverse,2016,Dataset
doi:10.7910/DVN/SSCJQF,https://ezid.cdlib.org/id/doi:10.7910/DVN/SSCJQF,https://dataverse.harvard.edu/citation?persistentId=doi:10.7910/DVN/SSCJQF,80,2017-05-08T12:37:41Z,404,Mahendra Trivedi,"Morphological Characterization, Quality, Yield and DNA Fingerprinting of Biofield Energy Treated Alphonso Mango (Mangifera indica L.)",Harvard Dataverse,2016,Dataset
doi:10.7910/DVN/SSFZCE,https://ezid.cdlib.org/id/doi:10.7910/DVN/SSFZCE,https://dataverse.harvard.edu/citation?persistentId=doi:10.7910/DVN/SSFZCE,80,2017-05-08T12:37:47Z,404,Mahendra Trivedi (Trivedi Global Inc.),Physical and Structural Characterization of Biofield Energy Treated Carbazole,Harvard Dataverse,2016,Dataset
doi:10.7910/DVN/SYVQTC,https://ezid.cdlib.org/id/doi:10.7910/DVN/SYVQTC,https://dataverse.harvard.edu/citation?persistentId=doi:10.7910/DVN/SYVQTC,80,2017-05-08T12:37:54Z,404,Mahendra Trivedi (Trivedi Global Inc.),Physicochemical Evaluation of Biofield Treated Peptone and Malmgren Modified Terrestrial Orchid Medium,Harvard Dataverse,2016,Dataset
doi:10.7910/DVN/TA2VXD,https://ezid.cdlib.org/id/doi:10.7910/DVN/TA2VXD,https://dataverse.harvard.edu/dataset.xhtml?persistentId=doi:10.7910/DVN/TA2VXD,80,2017-05-08T12:38:00Z,404,Mahendra Kumar Trivedi (Trivedi Global Inc.),An Impact of Biofield Treatment on Spectroscopic Characterization of Pharmaceutical Compounds,Harvard Dataverse,2016,Dataset
doi:10.7910/DVN/TAEF18,https://ezid.cdlib.org/id/doi:10.7910/DVN/TAEF18,https://dataverse.harvard.edu/dataset.xhtml?persistentId=doi:10.7910/DVN/TAEF18,80,2017-05-08T12:38:06Z,404,Mahendra Kumar Trivedi (Trivedi Global Inc.),"Thermal, Spectroscopic and Chromatographic Characterization of Biofield Energy Treated Benzophenone",Harvard Dataverse,2016,Dataset
doi:10.7910/DVN/TAG25E,https://ezid.cdlib.org/id/doi:10.7910/DVN/TAG25E,https://dataverse.harvard.edu/dataset.xhtml?persistentId=doi:10.7910/DVN/TAG25E,80,2017-05-08T12:38:12Z,404,Mahendra Kumar Trivedi (Trivedi Global Inc.),In Vitro Evaluation of Biofield Treatment on Cancer Biomarkers Involved in Endometrial and Prostate Cancer Cell Lines,Harvard Dataverse,2016,Dataset
doi:10.7910/DVN/TGFDOM,https://ezid.cdlib.org/id/doi:10.7910/DVN/TGFDOM,https://dataverse.harvard.edu/citation?persistentId=doi:10.7910/DVN/TGFDOM,8,2017-05-09T00:22:24Z,404,Ghufran Naseem (Senior Journalist Rojnama Sahara - Lucknow Edition India),AamNama Relishing and cherishing Mangos,Harvard Dataverse,2015,Dataset
doi:10.7910/DVN/TKMXO1,https://ezid.cdlib.org/id/doi:10.7910/DVN/TKMXO1,https://dataverse.harvard.edu/dataset.xhtml?persistentId=doi:10.7910/DVN/TKMXO1,80,2017-05-08T12:38:17Z,404,Mahendra Trivedi (Trivedi Global Inc.),"Evaluation of Plant Growth Regulator, Immunity and DNA Fingerprinting of Biofield Energy Treated Mustard Seeds (Brassica juncea)",Harvard Dataverse,2016,Dataset
doi:10.7910/DVN/TLJ8R5,https://ezid.cdlib.org/id/doi:10.7910/DVN/TLJ8R5,https://dataverse.harvard.edu/citation?persistentId=doi:10.7910/DVN/TLJ8R5,11,2017-05-09T18:40:27Z,404,Dr. Dhanraj Sharma and Dr. Ruchita Verma,Impact of Capital Structure on the Performance: An Empirical Analysis of Indian Banking Sector,Harvard Dataverse,2016,Dataset
doi:10.7910/DVN/TM6HLT,https://ezid.cdlib.org/id/doi:10.7910/DVN/TM6HLT,https://dataverse.harvard.edu/citation?persistentId=doi:10.7910/DVN/TM6HLT,11,2017-05-09T18:40:33Z,404,Ouail EL IMRANI and Aziz BABOUNIA,Tangier Med Port: What role for the Moroccan Economy and the International Trade?,Harvard Dataverse,2016,Dataset
doi:10.7910/DVN/TNBFB4,https://ezid.cdlib.org/id/doi:10.7910/DVN/TNBFB4,https://dataverse.harvard.edu/dataset.xhtml?persistentId=doi:10.7910/DVN/TNBFB4,80,2017-05-08T12:38:23Z,404,Mahendra Kumar Trivedi (Trivedi Global Inc.),Studies of the Atomic and Crystalline Characteristics of Ceramic Oxide Nano Powders after Bio field Treatment,Harvard Dataverse,2016,Dataset
doi:10.7910/DVN/TPFYFV,https://ezid.cdlib.org/id/doi:10.7910/DVN/TPFYFV,https://dataverse.harvard.edu/dataset.xhtml?persistentId=doi:10.7910/DVN/TPFYFV,80,2017-05-08T12:38:29Z,404,Mahendra Kumar Trivedi (Trivedi Global Inc.),Spectroscopic Characterization of Chloramphenicol and Tetracycline: An Impact of Biofield Treatment,Harvard Dataverse,2016,Dataset
doi:10.7910/DVN/TROOEF,https://ezid.cdlib.org/id/doi:10.7910/DVN/TROOEF,https://dataverse.harvard.edu/dataset.xhtml?persistentId=doi:10.7910/DVN/TROOEF,80,2017-05-08T12:38:34Z,404,Mahendra Kumar Trivedi (Trivedi Global Inc.),"Evaluation of Antibiogram, Genotype and Phylogenetic Analysis of Biofield Treated Nocardia otitidis",Harvard Dataverse,2016,Dataset
doi:10.7910/DVN/TUC0ZT,https://ezid.cdlib.org/id/doi:10.7910/DVN/TUC0ZT,https://dataverse.harvard.edu/citation?persistentId=doi:10.7910/DVN/TUC0ZT,80,2017-05-08T12:38:46Z,404,Mahendra Kumar Trivedi (Trivedi Global Inc.),In Vitro Evaluation of Antifungal Sensitivity Assay of Biofield Energy Treated Fungi,Harvard Dataverse,2016,Dataset
doi:10.7910/DVN/TUJFGN,https://ezid.cdlib.org/id/doi:10.7910/DVN/TUJFGN,https://dataverse.harvard.edu/citation?persistentId=doi:10.7910/DVN/TUJFGN,80,2017-05-08T12:38:40Z,404,Mahendra Kumar Trivedi (Trivedi Global Inc.),"Effect of Bio Field Treatment on the Physical and Thermal Characteristics of Silicon, Tin and Lead Powders",Harvard Dataverse,2016,Dataset
doi:10.7910/DVN/TWU5O1,https://ezid.cdlib.org/id/doi:10.7910/DVN/TWU5O1,https://dataverse.harvard.edu/dataset.xhtml?persistentId=doi:10.7910/DVN/TWU5O1,80,2017-05-08T12:38:51Z,404,Mahendra Trivedi (Trivedi Global Inc.),"Antimicrobial Susceptibility Pattern, Biochemical Characteristics and Biotyping of Salmonella paratyphi A: An Impact of Biofield Treatment",Harvard Dataverse,2016,Dataset
doi:10.7910/DVN/U2IKNF,https://ezid.cdlib.org/id/doi:10.7910/DVN/U2IKNF,https://dataverse.harvard.edu/citation?persistentId=doi:10.7910/DVN/U2IKNF,80,2017-05-08T12:38:57Z,404,Mahendra Kumar Trivedi (Trivedi Global Inc.),"Mass Spectrometry Analysis of Isotopic Abundance of 13C, 2H, or 15N in Biofield Energy Treated Aminopyridine Derivatives",Harvard Dataverse,2016,Dataset
doi:10.7910/DVN/UCW1IV,https://ezid.cdlib.org/id/doi:10.7910/DVN/UCW1IV,https://dataverse.harvard.edu/citation?persistentId=doi:10.7910/DVN/UCW1IV,11,2017-05-09T18:40:39Z,404,S. Manohar Naik and Prof. N. Geethanjali,A Multi-Fusion Pattern Matching Algorithm for Signature -based Network Intrusion Detection,Harvard Dataverse,2016,Dataset
doi:10.7910/DVN/UFIFUL,https://ezid.cdlib.org/id/doi:10.7910/DVN/UFIFUL,https://dataverse.harvard.edu/dataset.xhtml?persistentId=doi:10.7910/DVN/UFIFUL,80,2017-05-08T12:39:03Z,404,Mahendra Kumar Trivedi (Trivedi Global Inc.),"Characterization of Physical, Thermal and Spectral Properties of Biofield Treated 2, 6-Diaminopyridine",Harvard Dataverse,2016,Dataset
doi:10.7910/DVN/UJYHMB,https://ezid.cdlib.org/id/doi:10.7910/DVN/UJYHMB,https://dataverse.harvard.edu/citation?persistentId=doi:10.7910/DVN/UJYHMB,80,2017-05-08T12:39:08Z,404,"Trivedi, Mahendra (Trivedi Science)",Isotopic Abundance Ratio Analysis of Biofield Energy Treated Indole Using Gas Chromatography-Mass Spectrometry,Harvard Dataverse,2016,Dataset
doi:10.7910/DVN/V7VBCE,https://ezid.cdlib.org/id/doi:10.7910/DVN/V7VBCE,https://dataverse.harvard.edu/citation?persistentId=doi:10.7910/DVN/V7VBCE,80,2017-05-08T12:39:20Z,404,Mahendra Kumar Trivedi (Trivedi Global Inc.),"Physical, Thermal, and Spectroscopic Characterization of Biofield Energy Treated Murashige and Skoog Plant Cell Culture Media",Harvard Dataverse,2016,Dataset
doi:10.7910/DVN/V9H1X4,https://ezid.cdlib.org/id/doi:10.7910/DVN/V9H1X4,https://dataverse.harvard.edu/citation?persistentId=doi:10.7910/DVN/V9H1X4,80,2017-05-08T12:39:25Z,404,Mahendra Kumar Trivedi (Trivedi Global Inc.),Impact of an external energy on Staphylococcus epidermis [ATCC â€“13518] in relation to antibiotic susceptibility and biochemical reactions â€“ An experimental study,Harvard Dataverse,2016,Dataset
doi:10.7910/DVN/VBQMHY,https://ezid.cdlib.org/id/doi:10.7910/DVN/VBQMHY,https://dataverse.harvard.edu/citation?persistentId=doi:10.7910/DVN/VBQMHY,80,2017-05-08T12:39:31Z,404,Mahendra Kumar Trivedi (Trivedi Global Inc.),Impact of Biofield Energy Treatment on Soil Fertility,Harvard Dataverse,2016,Dataset
doi:10.7910/DVN/VDHQK8,https://ezid.cdlib.org/id/doi:10.7910/DVN/VDHQK8,https://dataverse.harvard.edu/citation?persistentId=doi:10.7910/DVN/VDHQK8,8,2017-05-09T00:22:30Z,404,"Zahra Abdollah (Ph.D. Scholar Shahed University, Tehran, Iran); Mohsen Marasy (Associate Professor Department of Art Studies Faculty of Art, Shahed University Islamic Republic of Iran)",Photography of water and reflection of meaning in the works of Amir H. Zekrgoo,Harvard Dataverse,2016,Dataset
doi:10.7910/DVN/VHB3PS,https://ezid.cdlib.org/id/doi:10.7910/DVN/VHB3PS,https://dataverse.harvard.edu/dataset.xhtml?persistentId=doi:10.7910/DVN/VHB3PS,80,2017-05-08T12:39:37Z,404,Mahendra Kumar Trivedi (Trivedi Global Inc.),"Characterization of Physical, Spectral and Thermal Properties of Biofield Treated 1,2,4-Triazole",Harvard Dataverse,2016,Dataset
doi:10.7910/DVN/VMUHBR,https://ezid.cdlib.org/id/doi:10.7910/DVN/VMUHBR,https://dataverse.harvard.edu/citation?persistentId=doi:10.7910/DVN/VMUHBR,80,2017-05-08T12:39:43Z,404,Mahendra Kumar Trivedi (Trivedi Global Inc.),"Effect of Superconsciousness External Energy on Atomic, Crystalline and Powder Characteristics of Carbon Allotrope Powders",Harvard Dataverse,2016,Dataset
doi:10.7910/DVN/VNHTNY,https://ezid.cdlib.org/id/doi:10.7910/DVN/VNHTNY,https://dataverse.harvard.edu/citation?persistentId=doi:10.7910/DVN/VNHTNY,80,2017-05-08T12:39:48Z,404,Mahendra Trivedi (Trivedi Global Inc.),Physicochemical and Atomic Characterization of Silver Powder after Biofield Treatment,Harvard Dataverse,2016,Dataset
doi:10.7910/DVN/VYYVEJ,https://ezid.cdlib.org/id/doi:10.7910/DVN/VYYVEJ,https://dataverse.harvard.edu/citation?persistentId=doi:10.7910/DVN/VYYVEJ,80,2017-05-08T12:39:54Z,404,Mahendra Kumar Trivedi (Trivedi Global Inc.),"Atomic, Crystalline and Powder Characteristics of Treated Zirconia and Silica Powders",Harvard Dataverse,2016,Dataset
doi:10.7910/DVN/W7OXPW,https://ezid.cdlib.org/id/doi:10.7910/DVN/W7OXPW,https://dataverse.harvard.edu/dataset.xhtml?persistentId=doi:10.7910/DVN/W7OXPW,80,2017-05-08T12:40:00Z,404,Mahendra Kumar Trivedi (Trivedi Global Inc.),"Physical, Thermal, and Spectroscopic Characterization of Biofield Energy Treated Potato Micropropagation Medium",Harvard Dataverse,2016,Dataset
doi:10.7910/DVN/WB1WKV,https://ezid.cdlib.org/id/doi:10.7910/DVN/WB1WKV,https://dataverse.harvard.edu/dataset.xhtml?persistentId=doi:10.7910/DVN/WB1WKV,80,2017-05-08T12:40:06Z,404,Mahendra Kumar Trivedi (Trivedi Global Inc.),Evaluation of the Impact of Biofield Treatment on Physical and Thermal Properties of Casein Enzyme Hydrolysate and Casein Yeast Peptone,Harvard Dataverse,2016,Dataset
doi:10.7910/DVN/WFX5BV,https://ezid.cdlib.org/id/doi:10.7910/DVN/WFX5BV,https://dataverse.harvard.edu/citation?persistentId=doi:10.7910/DVN/WFX5BV,11,2017-05-09T19:30:37Z,404,Rina Angel and Dr. Amit Mittal,A Review of University Social Responsibility and Its Role in University Brand Image In India,Harvard Dataverse,2016,Dataset
doi:10.7910/DVN/WQECP8,https://ezid.cdlib.org/id/doi:10.7910/DVN/WQECP8,https://dataverse.harvard.edu/citation?persistentId=doi:10.7910/DVN/WQECP8,80,2017-05-08T14:18:03Z,404,Mahendra Trivedi (Trivedi Global Inc.),"Quantitative Determination of Isotopic Abundance Ratio of 13C, 2H, and 18O in Biofield Energy Treated Ortho and Meta Toluic Acid Isomers",Harvard Dataverse,2016,Dataset
doi:10.7910/DVN/WX2QT8,https://ezid.cdlib.org/id/doi:10.7910/DVN/WX2QT8,https://dataverse.harvard.edu/dataset.xhtml?persistentId=doi:10.7910/DVN/WX2QT8,95,2017-05-08T10:08:20Z,404,"Northcutt, Curtis (MIT)",Partially Anonymized CAMEO Candidate Harvester Master (CHM) Table with Filter3 and Filter4 applied over 115 MITx and HarvardX Courses,Harvard Dataverse,2015,Dataset
doi:10.7910/DVN/XG7NLM,https://ezid.cdlib.org/id/doi:10.7910/DVN/XG7NLM,https://dataverse.harvard.edu/citation?persistentId=doi:10.7910/DVN/XG7NLM,11,2017-05-09T21:10:51Z,404,Mazen Ismaeel Ghareb,Toward Data Protection Laws and Code of Conduct in Kurdistan Region Government,Harvard Dataverse,2016,Dataset
doi:10.7910/DVN/XH7VXA,https://ezid.cdlib.org/id/doi:10.7910/DVN/XH7VXA,https://dataverse.harvard.edu/dataset.xhtml?persistentId=doi:10.7910/DVN/XH7VXA,80,2017-05-08T14:18:08Z,404,"Trivedi, Mahendra (Trivedi Global Inc.)","Physical, Thermal and Spectral Properties of Biofield Treated 3-Nitroacetophenone",Harvard Dataverse,2016,Dataset
doi:10.7910/DVN/XRPWYC,https://ezid.cdlib.org/id/doi:10.7910/DVN/XRPWYC,https://dataverse.harvard.edu/citation?persistentId=doi:10.7910/DVN/XRPWYC,11,2017-05-09T21:10:57Z,404,"Neeru Kapoor, Dr. Meenu Jaitly, and Rishi Gupta",Green Banking: A step towards Sustainable Development,Harvard Dataverse,2016,Dataset
doi:10.7910/DVN/Y8VKBR,https://ezid.cdlib.org/id/doi:10.7910/DVN/Y8VKBR,https://dataverse.harvard.edu/citation?persistentId=doi:10.7910/DVN/Y8VKBR,80,2017-05-08T18:28:21Z,404,Mahendra Trivedi (Trivedi Global Inc.),Evaluation of Biofield Modality on Viral Load of Hepatitis B and C Viruses,Harvard Dataverse,2016,Dataset
doi:10.7910/DVN/YDRN0L,https://ezid.cdlib.org/id/doi:10.7910/DVN/YDRN0L,https://dataverse.harvard.edu/citation?persistentId=doi:10.7910/DVN/YDRN0L,80,2017-05-08T18:28:27Z,404,Mahendra Trivedi (Trivedi Global Inc.),"Physical, Atomic and Thermal Properties of Biofield Treated Lithium Powder",Harvard Dataverse,2016,Dataset
doi:10.7910/DVN/YP57RH,https://ezid.cdlib.org/id/doi:10.7910/DVN/YP57RH,https://dataverse.harvard.edu/citation?persistentId=doi:10.7910/DVN/YP57RH,80,2017-05-08T18:28:33Z,404,"Trivedi, Mahendra (Trivedi Global Inc.)",Evaluation of Biofield Energy Treatment on Physical and Thermal Characteristics of Selenium Powder,Harvard Dataverse,2016,Dataset
doi:10.7910/DVN/YQVCLC,https://ezid.cdlib.org/id/doi:10.7910/DVN/YQVCLC,https://dataverse.harvard.edu/citation?persistentId=doi:10.7910/DVN/YQVCLC,11,2017-05-09T22:00:41Z,404,"Dr. Seraphinus Kispotta, Gyanesh Kumar, and Arun Vadyak","Participation of Female Labour Force in Agriculture Sector (A Study with Reference to Chhattisgarh, India)",Harvard Dataverse,2016,Dataset
doi:10.7910/DVN/Z9DKYT,https://ezid.cdlib.org/id/doi:10.7910/DVN/Z9DKYT,https://dataverse.harvard.edu/citation?persistentId=doi:10.7910/DVN/Z9DKYT,80,2017-05-08T18:28:39Z,404,Mahendra Trivedi (Trivedi Global Inc.),"Effect of Biofield Treatment on Physical, Thermal, and Spectral Properties of SFRE 199-1 Mammalian Cell Culture Medium",Harvard Dataverse,2016,Dataset
doi:10.7910/DVN/ZA9L8B,https://ezid.cdlib.org/id/doi:10.7910/DVN/ZA9L8B,https://dataverse.harvard.edu/citation?persistentId=doi:10.7910/DVN/ZA9L8B,80,2017-05-08T18:28:45Z,404,Mahendra Trivedi (Trivedi Global Inc.),The Potential Impact of Biofield Energy Treatment on the Atomic and Physical Properties of Antimony Tin Oxide Nanopowder,Harvard Dataverse,2016,Dataset
doi:10.7910/DVN/ZAW5NW,https://ezid.cdlib.org/id/doi:10.7910/DVN/ZAW5NW,https://dataverse.harvard.edu/dataset.xhtml?persistentId=doi:10.7910/DVN/ZAW5NW,80,2017-05-08T18:28:51Z,404,Mahendra Trivedi (Trivedi Global Inc.),"Analysis of Physical, Thermal, and Structural Properties of Biofield Energy Treated Molybdenum Dioxide",Harvard Dataverse,2016,Dataset
doi:10.7910/DVN/ZCXTAM,https://ezid.cdlib.org/id/doi:10.7910/DVN/ZCXTAM,https://dataverse.harvard.edu/citation?persistentId=doi:10.7910/DVN/ZCXTAM,8,2017-05-09T00:22:35Z,404,"Curtis R. Blakely (Associate Professor-Justice Systems Truman State University Kirksville, Missouri United States of America)","What Podolsky, Einstein and Others Have Taught Me about Greatness",Harvard Dataverse,2016,Dataset
doi:10.7910/DVN/ZKKQNG,https://ezid.cdlib.org/id/doi:10.7910/DVN/ZKKQNG,https://dataverse.harvard.edu/citation?persistentId=doi:10.7910/DVN/ZKKQNG,95,2017-05-08T10:08:13Z,404,"Quraishi, Zak (Ryerson University); Catherine Middleton (Ryerson University)",CRTC - TEST DATASET,Harvard Dataverse,2016,Dataset
doi:10.7910/DVN/ZNKGBD,https://ezid.cdlib.org/id/doi:10.7910/DVN/ZNKGBD,https://dataverse.harvard.edu/citation?persistentId=doi:10.7910/DVN/ZNKGBD,80,2017-05-08T18:28:57Z,404,Mahendra Trivedi (Trivedi Global Inc.),Physicochemical Characterization of Biofield Energy Treated Hi VegTM Acid Hydrolysate,Harvard Dataverse,2016,Dataset
doi:10.7910/DVN/ZSHXFO,https://ezid.cdlib.org/id/doi:10.7910/DVN/ZSHXFO,https://dataverse.harvard.edu/citation?persistentId=doi:10.7910/DVN/ZSHXFO,95,2017-05-08T10:08:07Z,404,"Rahija, Michael",Test,Harvard Dataverse,2016,Dataset
doi:10.7910/DVN/ZTHQFO,https://ezid.cdlib.org/id/doi:10.7910/DVN/ZTHQFO,https://dataverse.harvard.edu/citation?persistentId=doi:10.7910/DVN/ZTHQFO,8,2017-05-09T00:22:42Z,404,"Farough Fakhimi Anbaran (Shiraz University, Islamic Republic of Iran)",A Feministic Reading of Thomas Middleton's Women Beware Women,Harvard Dataverse,2015,Dataset
doi:10.7910/DVN/ZZ9FAM,https://ezid.cdlib.org/id/doi:10.7910/DVN/ZZ9FAM,https://dataverse.harvard.edu/citation?persistentId=doi:10.7910/DVN/ZZ9FAM,11,2017-05-09T23:40:52Z,404,"Bernard, Ojonugwa Anthony and Kenneth Obi O",Sectoral Consumption of Non-Renewable Energy and Economic Growth in Nigeria,Harvard Dataverse,2016,Dataset
doi:10.7910/DVN/NYGBUC,https://ezid.cdlib.org/id/doi:10.7910/DVN/NYGBUC,https://dataverse.harvard.edu/citation?persistentId=doi:10.7910/DVN/NYGBUC,39,2017-05-08T20:08:28Z,404,"neyestani, behnam; Behnam Neyerstani",IDENTIFICATION OF A SET OF APPROPRIATE CRITICAL SUCCESS FACTORS (CSFS) FOR SUCCESSFUL TQM IMPLEMENTATION IN CONSTRUCTION  OTHER INDUSTRIES.,Harvard Dataverse,2017,Dataset
doi:10.7910/DVN/0KDX7U,https://ezid.cdlib.org/id/doi:10.7910/DVN/0KDX7U,https://dataverse.harvard.edu/citation?persistentId=doi:10.7910/DVN/0KDX7U,9,2017-05-10T06:21:29Z,404,Ramesh. N and Dr. Krishnaiah. S,ANGULAR HORIZONTAL SUBSURFACE FLOW CONSTRUCTED WETLAND SYSTEM FOR TREATMENT OF POLLUTED URBAN LAKE WATER,Harvard Dataverse,2017,Dataset
doi:10.7910/DVN/1MD3UR,https://ezid.cdlib.org/id/doi:10.7910/DVN/1MD3UR,https://dataverse.harvard.edu/citation?persistentId=doi:10.7910/DVN/1MD3UR,9,2017-05-10T06:21:42Z,404,S. Sweety Regina Mary,AN ANALYSIS OF MARKETING ENVIRONMENT THAT INFLUENCE THE MARKETING ETHICS,Harvard Dataverse,2017,Dataset
doi:10.7910/DVN/2ABCIK,https://ezid.cdlib.org/id/doi:10.7910/DVN/2ABCIK,https://dataverse.harvard.edu/citation?persistentId=doi:10.7910/DVN/2ABCIK,9,2017-05-10T06:21:50Z,404,"Aripbayeva Akerke Erkosayevna, Mirkhalikov Zhumakhan Ushkempirovich, Stepanov Sergey Gayevich, Sagitova Guzaliya Faritovna, Kaldykulov Murat Sergalievich, and Kuralbayeva Aynur Niyazalievna",NEW FORMULA FOR STRENGTH CALCULATION OF PRESSURE FIRE HOSES UNDER INTRINSIC HYDRAULIC PRESSURE,Harvard Dataverse,2017,Dataset
doi:10.7910/DVN/2AVFUF,https://ezid.cdlib.org/id/doi:10.7910/DVN/2AVFUF,https://dataverse.harvard.edu/citation?persistentId=doi:10.7910/DVN/2AVFUF,9,2017-05-10T06:21:58Z,404,Consorcia S. Tan and Ma. Teresa M. Rodriguez,READINESS AND PREPARATION OF PRE-SERVICE TEACHERS ON THE K TO 12 PROGRAM,Harvard Dataverse,2017,Dataset
doi:10.7910/DVN/5KEY77,https://ezid.cdlib.org/id/doi:10.7910/DVN/5KEY77,https://dataverse.harvard.edu/citation?persistentId=doi:10.7910/DVN/5KEY77,9,2017-05-10T06:22:05Z,404,"Mohammad Ali, Puput Ichwatus Sholihah, Kawsar Ahmed, and Sri Palupi Prabandari",SMALL DATA AND BIG DATA: COMBINATION MAKE BETTER DECISION,Harvard Dataverse,2017,Dataset
doi:10.7910/DVN/62VZGC,https://ezid.cdlib.org/id/doi:10.7910/DVN/62VZGC,https://dataverse.harvard.edu/citation?persistentId=doi:10.7910/DVN/62VZGC,9,2017-05-10T06:22:11Z,404,Dr. G. R. Angadi and Jagadish,AN ANALYSIS OF EXPECTED SKILLS AND ACQUIRED SKILLS AMONG TEACHER-TRAINEES OF B.ED. PROGRAMME,Harvard Dataverse,2017,Dataset
doi:10.7910/DVN/BJFO3D,https://ezid.cdlib.org/id/doi:10.7910/DVN/BJFO3D,https://dataverse.harvard.edu/citation?persistentId=doi:10.7910/DVN/BJFO3D,9,2017-05-10T06:22:18Z,404,"Aripbayeva Akerke Erkosayevna, Mirkhalikov Zhumakhan Ushkempirovich, Stepanov Sergey Gayevich, Makhmudov Gulzhamol Imankulovna, Abdikerimov Serik ZHumabayevich, and Sagitova Guzaliya Faritovna",ESTIMATION OF THE FORMULA ACCURACY FOR THE CALCULATING OF THE BURSTING PRESSURE IN THE FORCING FIRE HOSE AT THE INTERNAL HYDRAULIC PRESSURE,Harvard Dataverse,2017,Dataset
doi:10.7910/DVN/CCITKK,https://ezid.cdlib.org/id/doi:10.7910/DVN/CCITKK,https://dataverse.harvard.edu/citation?persistentId=doi:10.7910/DVN/CCITKK,9,2017-05-10T06:22:24Z,404,P. Elantherayan and Dr. A. Ravi,A STUDY ON THE BUYER PERCEPTION FOR ORGANIC PRODUCTS TOWARDS FRUITS AND VEGETABLES IN VELLORE DISTRICT INDIA,Harvard Dataverse,2017,Dataset
doi:10.7910/DVN/DVLPUR,https://ezid.cdlib.org/id/doi:10.7910/DVN/DVLPUR,https://dataverse.harvard.edu/citation?persistentId=doi:10.7910/DVN/DVLPUR,9,2017-05-10T06:22:30Z,404,Bagali M M and Gururaj URS,TOWARDS RESTRUCTURING THE HR EDUCATION METHODOLOGY AND PEDAGOGICAL APPROACH: HR ACADEMICIAN PERSPECTIVE FROM B-SCHOOLS,Harvard Dataverse,2017,Dataset
doi:10.7910/DVN/EK80P1,https://ezid.cdlib.org/id/doi:10.7910/DVN/EK80P1,https://dataverse.harvard.edu/citation?persistentId=doi:10.7910/DVN/EK80P1,9,2017-05-10T06:22:36Z,404,Dr. Krishan Kumar,FEMININE SYMBOLISM MATA SULAKHANI JI: SIKHISM,Harvard Dataverse,2017,Dataset
doi:10.7910/DVN/FTMGNL,https://ezid.cdlib.org/id/doi:10.7910/DVN/FTMGNL,https://dataverse.harvard.edu/citation?persistentId=doi:10.7910/DVN/FTMGNL,9,2017-05-10T06:22:43Z,404,"Frank O. Ozoh, Ikechukwu D. Nwaka, Christiana. O. Igberi, and Kalu E. Uma",THE INFLUENCE OF INVESTMENTS ON ECONOMIC GROWTH: THE CASE OF NIGERIA,Harvard Dataverse,2017,Dataset
doi:10.7910/DVN/GXGAZJ,https://ezid.cdlib.org/id/doi:10.7910/DVN/GXGAZJ,https://dataverse.harvard.edu/citation?persistentId=doi:10.7910/DVN/GXGAZJ,9,2017-05-10T06:22:50Z,404,Jagadish and Dr. G. R. Angadi,A DESCRIPTIVE STUDY ON ATTITUDE OF HEAD MASTERS ON EXPECTED SKILLS AND ACQUIRED SKILLS AMONG STUDENT TEACHERS OF B.ED,Harvard Dataverse,2017,Dataset
doi:10.7910/DVN/HXRWZD,https://ezid.cdlib.org/id/doi:10.7910/DVN/HXRWZD,https://dataverse.harvard.edu/citation?persistentId=doi:10.7910/DVN/HXRWZD,9,2017-05-10T06:22:56Z,404,"Odo Stephen Idenyi, Igberi Christiana Ogonna, Udude Celina Chinyere, and Anoke Charity Ifeyinwa",PUBLIC EXPENDITURE AND ECONOMIC GROWTH: EVIDENCE FROM NIGERIA AND SOUTH AFRICA,Harvard Dataverse,2017,Dataset
doi:10.7910/DVN/P4F63W,https://ezid.cdlib.org/id/doi:10.7910/DVN/P4F63W,https://dataverse.harvard.edu/citation?persistentId=doi:10.7910/DVN/P4F63W,9,2017-05-10T06:23:01Z,404,Aarti Chahal,ECONOMIC REFORMS IN HARYANA WITH SPECIAL REFERENCE TO INFRASTRUCTURE DEVELOPMENT,Harvard Dataverse,2017,Dataset
doi:10.7910/DVN/R8TNIE,https://ezid.cdlib.org/id/doi:10.7910/DVN/R8TNIE,https://dataverse.harvard.edu/citation?persistentId=doi:10.7910/DVN/R8TNIE,9,2017-05-10T06:23:07Z,404,Dr. Zehra AlakoÃ§ Burma,4TH INDUSTRIAL REVOLUTION AND INNOVATING IN THE DIGITAL ECONOMY: WORLD AND TURKEY VALUES FOR 2016 BY GLOBAL INDICATORS,Harvard Dataverse,2017,Dataset
doi:10.7910/DVN/THBNLR,https://ezid.cdlib.org/id/doi:10.7910/DVN/THBNLR,https://dataverse.harvard.edu/citation?persistentId=doi:10.7910/DVN/THBNLR,9,2017-05-10T06:23:13Z,404,Victoria Amelia Enemali,PRACTICAL EXPOSURE LEVEL AND STRATEGIES FOR PROMOTING E-LEARNING AMONG PRE-SERVICE BUSINESS EDUCATION TEACHERS IN COLLEGES OF EDUCATION IN NORTH EAST NIGERIA,Harvard Dataverse,2017,Dataset
doi:10.7910/DVN/TPE8ZJ,https://ezid.cdlib.org/id/doi:10.7910/DVN/TPE8ZJ,https://dataverse.harvard.edu/citation?persistentId=doi:10.7910/DVN/TPE8ZJ,9,2017-05-10T06:23:19Z,404,Jan-Erik Lane,GLOBAL WARMING AND ENERGY POLICY-MAKING IN THE AFRICAN CONTINENT,Harvard Dataverse,2017,Dataset
doi:10.7910/DVN/TVYMLO,https://ezid.cdlib.org/id/doi:10.7910/DVN/TVYMLO,https://dataverse.harvard.edu/citation?persistentId=doi:10.7910/DVN/TVYMLO,9,2017-05-10T06:23:25Z,404,Dr. K. Nithyavathi,A STUDY ON SAFETY AND WELFARE MEASURES PROVIDED TO THE EMPLOYEES IN TEXTILE INDUSTRY IN TIRUPUR DISTRICT,Harvard Dataverse,2017,Dataset
doi:10.7910/DVN/V6HSMA,https://ezid.cdlib.org/id/doi:10.7910/DVN/V6HSMA,https://dataverse.harvard.edu/citation?persistentId=doi:10.7910/DVN/V6HSMA,9,2017-05-10T06:23:31Z,404,Shailendra Singh Rana,COMPARATIVE STUDY OF WOMEN'S STATUS AMONG SIX BIG STATE ECONOMIES OF INDIA,Harvard Dataverse,2017,Dataset
doi:10.7910/DVN/V7TMNJ,https://ezid.cdlib.org/id/doi:10.7910/DVN/V7TMNJ,https://dataverse.harvard.edu/citation?persistentId=doi:10.7910/DVN/V7TMNJ,9,2017-05-10T06:23:37Z,404,"Ibrahim Abubakar, Yakubu Shaba and Baba N. Yaaba",DEMOGRAPHIC DIVERSITY AND EMPLOYEE COMMITMENT AMONG MEDICAL DOCTORS IN UNIVERSITY TEACHING HOSPITALS IN NORTH-WESTERN NIGERIA,Harvard Dataverse,2017,Dataset
doi:10.7910/DVN/WQQFGH,https://ezid.cdlib.org/id/doi:10.7910/DVN/WQQFGH,https://dataverse.harvard.edu/citation?persistentId=doi:10.7910/DVN/WQQFGH,9,2017-05-10T06:23:43Z,404,Rakimahwati and Hendra Hidayat,DESIGNING ANDROID-BASED INTERACTIVE MEDIA FOR EARLY CHILDHOOD AS AN EARLY INTRODUCTION TO READING CONCEPTS AND TECHNOLOGY,Harvard Dataverse,2017,Dataset
doi:10.7910/DVN/XTRT7H,https://ezid.cdlib.org/id/doi:10.7910/DVN/XTRT7H,https://dataverse.harvard.edu/citation?persistentId=doi:10.7910/DVN/XTRT7H,9,2017-05-10T06:23:49Z,404,R Darwin Joseph and Dr. N Panchanatham,ORGANISATIONAL CLIMATE OF INFORMATION TECHNOLOGY INDUSTRY IN SINGAPORE - AN EMPIRICAL STUDY,Harvard Dataverse,2017,Dataset
doi:10.7910/DVN/YIMGZ3,https://ezid.cdlib.org/id/doi:10.7910/DVN/YIMGZ3,https://dataverse.harvard.edu/citation?persistentId=doi:10.7910/DVN/YIMGZ3,9,2017-05-10T06:23:56Z,404,Jabiulla and Dr. Basavaraj C S,ADVANCE PRICING AGREEMENT IN INDIA: EMPIRICAL EVIDENCE,Harvard Dataverse,2017,Dataset
doi:10.7910/DVN/YRXTSD,https://ezid.cdlib.org/id/doi:10.7910/DVN/YRXTSD,https://dataverse.harvard.edu/citation?persistentId=doi:10.7910/DVN/YRXTSD,9,2017-05-10T06:24:02Z,404,Havovi Rana and Shweta Satish Devare Phadke,PREVALENCE OF ABDOMINAL OBESITY AMONG THE PARSI COMMUNITY IN MUMBAI,Harvard Dataverse,2017,Dataset
doi:10.7910/DVN/Z8MTK1,https://ezid.cdlib.org/id/doi:10.7910/DVN/Z8MTK1,https://dataverse.harvard.edu/citation?persistentId=doi:10.7910/DVN/Z8MTK1,9,2017-05-10T06:24:09Z,404,"Yakubu Shaba, Ibrahim Abubakar and Baba N. Yaaba",CORPORATE GOVERNANCE AND MARKET PERFORMANCE: EMPIRICAL EVIDENCE FROM NIGERIAN BANKS,Harvard Dataverse,2017,Dataset
doi:10.7910/DVN/Q4K1KZ,https://ezid.cdlib.org/id/doi:10.7910/DVN/Q4K1KZ,https://dataverse.harvard.edu/citation?persistentId=doi:10.7910/DVN/Q4K1KZ,18,2017-05-09T21:10:39Z,404,"Admin, Dataverse (Dataverse.org)",GPT Tag Test,Harvard Dataverse,2017,Dataset
doi:10.7910/DVN/UIUR8J,https://ezid.cdlib.org/id/doi:10.7910/DVN/UIUR8J,https://dataverse.harvard.edu/citation?persistentId=doi:10.7910/DVN/UIUR8J,18,2017-05-09T21:10:45Z,404,"Fariss, Christopher (Penn State University)",Are Things Really Getting Better?: How To Validate Latent Variable Models of Human Rights,Harvard Dataverse,2016,Dataset
doi:10.7910/DVN/167DKH,https://ezid.cdlib.org/id/doi:10.7910/DVN/167DKH,https://dataverse.harvard.edu/citation?persistentId=doi:10.7910/DVN/167DKH,8,2017-05-09T00:22:47Z,404,"Gustianty, Lanna Reni (Universitas Asahan)",RESPON PERTUMBUHAN DAN PRODUKSI TANAMAN MENTIMUN (Cucumis sativus L.) TERHADAP PUPUK SEPRINT DAN PEMANGKASAN,Harvard Dataverse,2017,Dataset
doi:10.7910/DVN/5G0LLE,https://ezid.cdlib.org/id/doi:10.7910/DVN/5G0LLE,https://dataverse.harvard.edu/citation?persistentId=doi:10.7910/DVN/5G0LLE,8,2017-05-09T00:22:53Z,404,Viviana Yaccuzzi Polisena (Philosophy Professor. UNNE  Argentina ),God plays with a quantum die infinite interactions from the arche,Harvard Dataverse,2017,Dataset
doi:10.7910/DVN/739EGI,https://ezid.cdlib.org/id/doi:10.7910/DVN/739EGI,https://dataverse.harvard.edu/citation?persistentId=doi:10.7910/DVN/739EGI,8,2017-05-09T00:22:59Z,404,"George Papageorgakis  (PhD Candidate in â€œGreek Philosophy â€“ Philosophy of Sciencesâ€ù School of Philosophy University of Ioannina, Greece)","â€œAurea mediocritasâ€ù The concepts of measure, measurement and moderation in Presocratic philosophy",Harvard Dataverse,2017,Dataset
doi:10.7910/DVN/9LWHOU,https://ezid.cdlib.org/id/doi:10.7910/DVN/9LWHOU,https://dataverse.harvard.edu/citation?persistentId=doi:10.7910/DVN/9LWHOU,8,2017-05-09T00:23:05Z,404,"Maharany, Rina (STIPAP Medan); Rahadi, Bambang (Universitas Brawijaya); Haji, Tanggul Sutan (Universitas Brawijaya)",CONCEPTUAL MODEL OF INTERCEPTION  TO ANTICIPATE RUNOF,Harvard Dataverse,2017,Dataset
doi:10.7910/DVN/9TIOR6,https://ezid.cdlib.org/id/doi:10.7910/DVN/9TIOR6,https://dataverse.harvard.edu/citation?persistentId=doi:10.7910/DVN/9TIOR6,8,2017-05-09T00:23:11Z,404,"Tarigam, Sri Murti (STIPAP Medan)",PENGGUNAAN MARKA MOLEKULER RAPD UNTUK IDENTIFIKASI HIBRIDA F1 KELAPA SAWIT (Elaeis guineensis Jacq),Harvard Dataverse,2017,Dataset
doi:10.7910/DVN/AXD14Z,https://ezid.cdlib.org/id/doi:10.7910/DVN/AXD14Z,https://dataverse.harvard.edu/citation?persistentId=doi:10.7910/DVN/AXD14Z,8,2017-05-09T00:23:16Z,404,"IstvÃ¡n KirÃ¡ly V.  (Associate Professor Department of Philosophy Babes-Bolyai University, Cluj, Romania)",Euthanasia Or Death Assisted to (It's) Dignity,Harvard Dataverse,2017,Dataset
doi:10.7910/DVN/AYVWWL,https://ezid.cdlib.org/id/doi:10.7910/DVN/AYVWWL,https://dataverse.harvard.edu/citation?persistentId=doi:10.7910/DVN/AYVWWL,8,2017-05-09T00:23:22Z,404,Giuseppe Gagliano (Chairman Cestudec  (Center for Strategic Studies Carlo De Cristoforis) Italy),Historical origins of the french school of economic warfare,Harvard Dataverse,2017,Dataset
doi:10.7910/DVN/CC9I0K,https://ezid.cdlib.org/id/doi:10.7910/DVN/CC9I0K,https://dataverse.harvard.edu/citation?persistentId=doi:10.7910/DVN/CC9I0K,8,2017-05-09T00:23:28Z,404,"Saragih, Dina Arfianti (STIPAP Medan)",ANALISA PENDAPATAN USAHATANI DAN UPAYA PENINGKATAN PRODUKTIVITAS GAMBIR (Uncaria gambir Roxb) DI KECAMATAN HARAU KABUPATEN LIMA PULUH KOTA,Harvard Dataverse,2017,Dataset
doi:10.7910/DVN/DV2TDL,https://ezid.cdlib.org/id/doi:10.7910/DVN/DV2TDL,https://dataverse.harvard.edu/citation?persistentId=doi:10.7910/DVN/DV2TDL,8,2017-05-09T00:23:34Z,404,"Sinaga, Apresus (BPTP Papua Barat)",HUBUNGAN KOMPONEN HASIL DAN HASIL TERHADAP LIMA VARIETAS UNGGUL BARU (VUB) KEDELAI (Glycine Max (L) Merril) PADA LAHAN KERING DI PROVINSI PAPUA BARAT,Harvard Dataverse,2017,Dataset
doi:10.7910/DVN/DZPRDZ,https://ezid.cdlib.org/id/doi:10.7910/DVN/DZPRDZ,https://dataverse.harvard.edu/citation?persistentId=doi:10.7910/DVN/DZPRDZ,8,2017-05-09T00:23:40Z,404,"Ma'ruf, Amar (Universitas Asahan); Safitri, Sri Ariani (Universitas Asahan); Sinaga, Apresus (BPTP Papua Barat)",EFFECT OF GLOBAL WARMING ON SEVERAL C3 CROP IN INDONESIA,Harvard Dataverse,2017,Dataset
doi:10.7910/DVN/GRY1EX,https://ezid.cdlib.org/id/doi:10.7910/DVN/GRY1EX,https://dataverse.harvard.edu/citation?persistentId=doi:10.7910/DVN/GRY1EX,8,2017-05-09T00:23:45Z,404,"Prida Ariani Ambar Astuti (Department of Library and Information Science North-Eastern Hill University, Shillong, Meghalaya, India Graduate Education Program, Communication Sciences University of Indonesia Jakarta, Indonesia )","Freedom of Expression through Social Media and the Political Participation of Young Voters: A Case Study of Elections in Jakarta, Indonesia",Harvard Dataverse,2017,Dataset
doi:10.7910/DVN/OIIZCF,https://ezid.cdlib.org/id/doi:10.7910/DVN/OIIZCF,https://dataverse.harvard.edu/citation?persistentId=doi:10.7910/DVN/OIIZCF,8,2017-05-09T00:23:51Z,404,"Nazia Jafri (Research Scholar Department of Persian University of Lucknow, India)",A critical analysis of the Novel:  Gunah-E-Muqaddas,Harvard Dataverse,2017,Dataset
doi:10.7910/DVN/UDDBOM,https://ezid.cdlib.org/id/doi:10.7910/DVN/UDDBOM,https://dataverse.harvard.edu/citation?persistentId=doi:10.7910/DVN/UDDBOM,8,2017-05-09T00:23:57Z,404,"Olivera Z. Mijuskovic (Full Member International Association of Greek Philosophy University of Athens, Greece)",Aristotle's concept of the state,Harvard Dataverse,2017,Dataset